country,iso3,geo,is_eu27,year,sex,age_group,unemployment_rate
Austria,AUT,AT,True,2009,Female,Youth (15-24),10.5
Austria,AUT,AT,True,2009,Male,Youth (15-24),12.1
Austria,AUT,AT,True,2009,Total,Youth (15-24),11.3
Austria,AUT,AT,True,2009,Female,Overall (15-74),5.3
Austria,AUT,AT,True,2009,Male,Overall (15-74),6.0
Austria,AUT,AT,True,2009,Total,Overall (15-74),5.7
Austria,AUT,AT,True,2010,Female,Youth (15-24),9.8
Austria,AUT,AT,True,2010,Male,Youth (15-24),10.4
Austria,AUT,AT,True,2010,Total,Youth (15-24),10.1
Austria,AUT,AT,True,2010,Female,Overall (15-74),4.9
Austria,AUT,AT,True,2010,Male,Overall (15-74),5.5
Austria,AUT,AT,True,2010,Total,Overall (15-74),5.2
Austria,AUT,AT,True,2011,Female,Youth (15-24),9.5
Austria,AUT,AT,True,2011,Male,Youth (15-24),9.5
Austria,AUT,AT,True,2011,Total,Youth (15-24),9.5
Austria,AUT,AT,True,2011,Female,Overall (15-74),4.8
Austria,AUT,AT,True,2011,Male,Overall (15-74),5.0
Austria,AUT,AT,True,2011,Total,Overall (15-74),4.9
Austria,AUT,AT,True,2012,Female,Youth (15-24),9.6
Austria,AUT,AT,True,2012,Male,Youth (15-24),10.3
Austria,AUT,AT,True,2012,Total,Youth (15-24),10.0
Austria,AUT,AT,True,2012,Female,Overall (15-74),5.0
Austria,AUT,AT,True,2012,Male,Overall (15-74),5.4
Austria,AUT,AT,True,2012,Total,Overall (15-74),5.2
Austria,AUT,AT,True,2013,Female,Youth (15-24),10.4
Austria,AUT,AT,True,2013,Male,Youth (15-24),10.2
Austria,AUT,AT,True,2013,Total,Youth (15-24),10.3
Austria,AUT,AT,True,2013,Female,Overall (15-74),5.5
Austria,AUT,AT,True,2013,Male,Overall (15-74),5.9
Austria,AUT,AT,True,2013,Total,Overall (15-74),5.7
Austria,AUT,AT,True,2014,Female,Youth (15-24),10.4
Austria,AUT,AT,True,2014,Male,Youth (15-24),11.5
Austria,AUT,AT,True,2014,Total,Youth (15-24),11.0
Austria,AUT,AT,True,2014,Female,Overall (15-74),5.6
Austria,AUT,AT,True,2014,Male,Overall (15-74),6.4
Austria,AUT,AT,True,2014,Total,Overall (15-74),6.0
Austria,AUT,AT,True,2015,Female,Youth (15-24),10.4
Austria,AUT,AT,True,2015,Male,Youth (15-24),12.0
Austria,AUT,AT,True,2015,Total,Youth (15-24),11.3
Austria,AUT,AT,True,2015,Female,Overall (15-74),5.6
Austria,AUT,AT,True,2015,Male,Overall (15-74),6.7
Austria,AUT,AT,True,2015,Total,Overall (15-74),6.1
Austria,AUT,AT,True,2016,Female,Youth (15-24),10.7
Austria,AUT,AT,True,2016,Male,Youth (15-24),13.1
Austria,AUT,AT,True,2016,Total,Youth (15-24),12.0
Austria,AUT,AT,True,2016,Female,Overall (15-74),5.8
Austria,AUT,AT,True,2016,Male,Overall (15-74),7.0
Austria,AUT,AT,True,2016,Total,Overall (15-74),6.5
Austria,AUT,AT,True,2017,Female,Youth (15-24),9.1
Austria,AUT,AT,True,2017,Male,Youth (15-24),11.7
Austria,AUT,AT,True,2017,Total,Youth (15-24),10.5
Austria,AUT,AT,True,2017,Female,Overall (15-74),5.3
Austria,AUT,AT,True,2017,Male,Overall (15-74),6.5
Austria,AUT,AT,True,2017,Total,Overall (15-74),5.9
Austria,AUT,AT,True,2018,Female,Youth (15-24),9.8
Austria,AUT,AT,True,2018,Male,Youth (15-24),10.3
Austria,AUT,AT,True,2018,Total,Youth (15-24),10.0
Austria,AUT,AT,True,2018,Female,Overall (15-74),4.9
Austria,AUT,AT,True,2018,Male,Overall (15-74),5.5
Austria,AUT,AT,True,2018,Total,Overall (15-74),5.2
Austria,AUT,AT,True,2019,Female,Youth (15-24),8.1
Austria,AUT,AT,True,2019,Male,Youth (15-24),10.0
Austria,AUT,AT,True,2019,Total,Youth (15-24),9.1
Austria,AUT,AT,True,2019,Female,Overall (15-74),4.6
Austria,AUT,AT,True,2019,Male,Overall (15-74),5.1
Austria,AUT,AT,True,2019,Total,Overall (15-74),4.8
Austria,AUT,AT,True,2020,Female,Youth (15-24),10.6
Austria,AUT,AT,True,2020,Male,Youth (15-24),12.5
Austria,AUT,AT,True,2020,Total,Youth (15-24),11.7
Austria,AUT,AT,True,2020,Female,Overall (15-74),5.9
Austria,AUT,AT,True,2020,Male,Overall (15-74),6.1
Austria,AUT,AT,True,2020,Total,Overall (15-74),6.0
Austria,AUT,AT,True,2021,Female,Youth (15-24),11.3
Austria,AUT,AT,True,2021,Male,Youth (15-24),10.7
Austria,AUT,AT,True,2021,Total,Youth (15-24),11.0
Austria,AUT,AT,True,2021,Female,Overall (15-74),6.1
Austria,AUT,AT,True,2021,Male,Overall (15-74),6.3
Austria,AUT,AT,True,2021,Total,Overall (15-74),6.2
Austria,AUT,AT,True,2022,Female,Youth (15-24),9.5
Austria,AUT,AT,True,2022,Male,Youth (15-24),9.5
Austria,AUT,AT,True,2022,Total,Youth (15-24),9.5
Austria,AUT,AT,True,2022,Female,Overall (15-74),4.5
Austria,AUT,AT,True,2022,Male,Overall (15-74),4.9
Austria,AUT,AT,True,2022,Total,Overall (15-74),4.8
Austria,AUT,AT,True,2023,Female,Youth (15-24),10.7
Austria,AUT,AT,True,2023,Male,Youth (15-24),10.2
Austria,AUT,AT,True,2023,Total,Youth (15-24),10.4
Austria,AUT,AT,True,2023,Female,Overall (15-74),4.9
Austria,AUT,AT,True,2023,Male,Overall (15-74),5.3
Austria,AUT,AT,True,2023,Total,Overall (15-74),5.1
Austria,AUT,AT,True,2024,Female,Youth (15-24),10.1
Austria,AUT,AT,True,2024,Male,Youth (15-24),10.4
Austria,AUT,AT,True,2024,Total,Youth (15-24),10.3
Austria,AUT,AT,True,2024,Female,Overall (15-74),4.7
Austria,AUT,AT,True,2024,Male,Overall (15-74),5.6
Austria,AUT,AT,True,2024,Total,Overall (15-74),5.2
Austria,AUT,AT,True,2025,Female,Youth (15-24),10.8
Austria,AUT,AT,True,2025,Male,Youth (15-24),12.0
Austria,AUT,AT,True,2025,Total,Youth (15-24),11.5
Austria,AUT,AT,True,2025,Female,Overall (15-74),5.3
Austria,AUT,AT,True,2025,Male,Overall (15-74),6.0
Austria,AUT,AT,True,2025,Total,Overall (15-74),5.7
Belgium,BEL,BE,True,2009,Female,Youth (15-24),22.6
Belgium,BEL,BE,True,2009,Male,Youth (15-24),21.6
Belgium,BEL,BE,True,2009,Total,Youth (15-24),22.0
Belgium,BEL,BE,True,2009,Female,Overall (15-74),8.2
Belgium,BEL,BE,True,2009,Male,Overall (15-74),7.8
Belgium,BEL,BE,True,2009,Total,Overall (15-74),8.0
Belgium,BEL,BE,True,2010,Female,Youth (15-24),22.4
Belgium,BEL,BE,True,2010,Male,Youth (15-24),22.4
Belgium,BEL,BE,True,2010,Total,Youth (15-24),22.4
Belgium,BEL,BE,True,2010,Female,Overall (15-74),8.6
Belgium,BEL,BE,True,2010,Male,Overall (15-74),8.2
Belgium,BEL,BE,True,2010,Total,Overall (15-74),8.4
Belgium,BEL,BE,True,2011,Female,Youth (15-24),18.9
Belgium,BEL,BE,True,2011,Male,Youth (15-24),18.9
Belgium,BEL,BE,True,2011,Total,Youth (15-24),18.9
Belgium,BEL,BE,True,2011,Female,Overall (15-74),7.3
Belgium,BEL,BE,True,2011,Male,Overall (15-74),7.2
Belgium,BEL,BE,True,2011,Total,Overall (15-74),7.2
Belgium,BEL,BE,True,2012,Female,Youth (15-24),19.0
Belgium,BEL,BE,True,2012,Male,Youth (15-24),20.7
Belgium,BEL,BE,True,2012,Total,Youth (15-24),20.0
Belgium,BEL,BE,True,2012,Female,Overall (15-74),7.5
Belgium,BEL,BE,True,2012,Male,Overall (15-74),7.8
Belgium,BEL,BE,True,2012,Total,Overall (15-74),7.6
Belgium,BEL,BE,True,2013,Female,Youth (15-24),22.5
Belgium,BEL,BE,True,2013,Male,Youth (15-24),25.0
Belgium,BEL,BE,True,2013,Total,Youth (15-24),23.9
Belgium,BEL,BE,True,2013,Female,Overall (15-74),8.3
Belgium,BEL,BE,True,2013,Male,Overall (15-74),8.8
Belgium,BEL,BE,True,2013,Total,Overall (15-74),8.6
Belgium,BEL,BE,True,2014,Female,Youth (15-24),22.5
Belgium,BEL,BE,True,2014,Male,Youth (15-24),24.2
Belgium,BEL,BE,True,2014,Total,Youth (15-24),23.4
Belgium,BEL,BE,True,2014,Female,Overall (15-74),8.1
Belgium,BEL,BE,True,2014,Male,Overall (15-74),9.1
Belgium,BEL,BE,True,2014,Total,Overall (15-74),8.7
Belgium,BEL,BE,True,2015,Female,Youth (15-24),20.5
Belgium,BEL,BE,True,2015,Male,Youth (15-24),24.1
Belgium,BEL,BE,True,2015,Total,Youth (15-24),22.5
Belgium,BEL,BE,True,2015,Female,Overall (15-74),7.9
Belgium,BEL,BE,True,2015,Male,Overall (15-74),9.3
Belgium,BEL,BE,True,2015,Total,Overall (15-74),8.7
Belgium,BEL,BE,True,2016,Female,Youth (15-24),18.3
Belgium,BEL,BE,True,2016,Male,Youth (15-24),21.9
Belgium,BEL,BE,True,2016,Total,Youth (15-24),20.3
Belgium,BEL,BE,True,2016,Female,Overall (15-74),7.6
Belgium,BEL,BE,True,2016,Male,Overall (15-74),8.2
Belgium,BEL,BE,True,2016,Total,Overall (15-74),7.9
Belgium,BEL,BE,True,2017,Female,Youth (15-24),18.2
Belgium,BEL,BE,True,2017,Male,Youth (15-24),20.3
Belgium,BEL,BE,True,2017,Total,Youth (15-24),19.4
Belgium,BEL,BE,True,2017,Female,Overall (15-74),7.1
Belgium,BEL,BE,True,2017,Male,Overall (15-74),7.2
Belgium,BEL,BE,True,2017,Total,Overall (15-74),7.2
Belgium,BEL,BE,True,2018,Female,Youth (15-24),15.3
Belgium,BEL,BE,True,2018,Male,Youth (15-24),16.5
Belgium,BEL,BE,True,2018,Total,Youth (15-24),16.0
Belgium,BEL,BE,True,2018,Female,Overall (15-74),5.6
Belgium,BEL,BE,True,2018,Male,Overall (15-74),6.4
Belgium,BEL,BE,True,2018,Total,Overall (15-74),6.0
Belgium,BEL,BE,True,2019,Female,Youth (15-24),12.3
Belgium,BEL,BE,True,2019,Male,Youth (15-24),16.3
Belgium,BEL,BE,True,2019,Total,Youth (15-24),14.5
Belgium,BEL,BE,True,2019,Female,Overall (15-74),5.0
Belgium,BEL,BE,True,2019,Male,Overall (15-74),5.9
Belgium,BEL,BE,True,2019,Total,Overall (15-74),5.5
Belgium,BEL,BE,True,2020,Female,Youth (15-24),15.6
Belgium,BEL,BE,True,2020,Male,Youth (15-24),16.1
Belgium,BEL,BE,True,2020,Total,Youth (15-24),15.9
Belgium,BEL,BE,True,2020,Female,Overall (15-74),5.5
Belgium,BEL,BE,True,2020,Male,Overall (15-74),6.0
Belgium,BEL,BE,True,2020,Total,Overall (15-74),5.8
Belgium,BEL,BE,True,2021,Female,Youth (15-24),16.2
Belgium,BEL,BE,True,2021,Male,Youth (15-24),19.9
Belgium,BEL,BE,True,2021,Total,Youth (15-24),18.2
Belgium,BEL,BE,True,2021,Female,Overall (15-74),5.9
Belgium,BEL,BE,True,2021,Male,Overall (15-74),6.6
Belgium,BEL,BE,True,2021,Total,Overall (15-74),6.3
Belgium,BEL,BE,True,2022,Female,Youth (15-24),14.4
Belgium,BEL,BE,True,2022,Male,Youth (15-24),18.1
Belgium,BEL,BE,True,2022,Total,Youth (15-24),16.4
Belgium,BEL,BE,True,2022,Female,Overall (15-74),5.3
Belgium,BEL,BE,True,2022,Male,Overall (15-74),5.8
Belgium,BEL,BE,True,2022,Total,Overall (15-74),5.6
Belgium,BEL,BE,True,2023,Female,Youth (15-24),14.4
Belgium,BEL,BE,True,2023,Male,Youth (15-24),17.6
Belgium,BEL,BE,True,2023,Total,Youth (15-24),16.1
Belgium,BEL,BE,True,2023,Female,Overall (15-74),5.1
Belgium,BEL,BE,True,2023,Male,Overall (15-74),6.0
Belgium,BEL,BE,True,2023,Total,Overall (15-74),5.5
Belgium,BEL,BE,True,2024,Female,Youth (15-24),14.8
Belgium,BEL,BE,True,2024,Male,Youth (15-24),19.6
Belgium,BEL,BE,True,2024,Total,Youth (15-24),17.4
Belgium,BEL,BE,True,2024,Female,Overall (15-74),5.3
Belgium,BEL,BE,True,2024,Male,Overall (15-74),6.1
Belgium,BEL,BE,True,2024,Total,Overall (15-74),5.7
Belgium,BEL,BE,True,2025,Female,Youth (15-24),15.7
Belgium,BEL,BE,True,2025,Male,Youth (15-24),18.8
Belgium,BEL,BE,True,2025,Total,Youth (15-24),17.4
Belgium,BEL,BE,True,2025,Female,Overall (15-74),5.6
Belgium,BEL,BE,True,2025,Male,Overall (15-74),6.7
Belgium,BEL,BE,True,2025,Total,Overall (15-74),6.2
Bosnia and Herzegovina,BIH,BA,False,2021,Female,Youth (15-24),44.5
Bosnia and Herzegovina,BIH,BA,False,2021,Male,Youth (15-24),34.5
Bosnia and Herzegovina,BIH,BA,False,2021,Total,Youth (15-24),38.3
Bosnia and Herzegovina,BIH,BA,False,2021,Female,Overall (15-74),22.0
Bosnia and Herzegovina,BIH,BA,False,2021,Male,Overall (15-74),14.4
Bosnia and Herzegovina,BIH,BA,False,2021,Total,Overall (15-74),17.4
Bosnia and Herzegovina,BIH,BA,False,2022,Female,Youth (15-24),42.1
Bosnia and Herzegovina,BIH,BA,False,2022,Male,Youth (15-24),31.2
Bosnia and Herzegovina,BIH,BA,False,2022,Total,Youth (15-24),35.1
Bosnia and Herzegovina,BIH,BA,False,2022,Female,Overall (15-74),19.8
Bosnia and Herzegovina,BIH,BA,False,2022,Male,Overall (15-74),12.6
Bosnia and Herzegovina,BIH,BA,False,2022,Total,Overall (15-74),15.4
Bosnia and Herzegovina,BIH,BA,False,2023,Female,Youth (15-24),33.2
Bosnia and Herzegovina,BIH,BA,False,2023,Male,Youth (15-24),28.5
Bosnia and Herzegovina,BIH,BA,False,2023,Total,Youth (15-24),30.1
Bosnia and Herzegovina,BIH,BA,False,2023,Female,Overall (15-74),16.7
Bosnia and Herzegovina,BIH,BA,False,2023,Male,Overall (15-74),10.9
Bosnia and Herzegovina,BIH,BA,False,2023,Total,Overall (15-74),13.2
Bosnia and Herzegovina,BIH,BA,False,2024,Female,Youth (15-24),35.6
Bosnia and Herzegovina,BIH,BA,False,2024,Male,Youth (15-24),27.5
Bosnia and Herzegovina,BIH,BA,False,2024,Total,Youth (15-24),30.2
Bosnia and Herzegovina,BIH,BA,False,2024,Female,Overall (15-74),16.6
Bosnia and Herzegovina,BIH,BA,False,2024,Male,Overall (15-74),10.1
Bosnia and Herzegovina,BIH,BA,False,2024,Total,Overall (15-74),12.6
Bosnia and Herzegovina,BIH,BA,False,2025,Female,Youth (15-24),37.4
Bosnia and Herzegovina,BIH,BA,False,2025,Male,Youth (15-24),30.2
Bosnia and Herzegovina,BIH,BA,False,2025,Total,Youth (15-24),32.5
Bosnia and Herzegovina,BIH,BA,False,2025,Female,Overall (15-74),16.5
Bosnia and Herzegovina,BIH,BA,False,2025,Male,Overall (15-74),9.4
Bosnia and Herzegovina,BIH,BA,False,2025,Total,Overall (15-74),12.2
Bulgaria,BGR,BG,True,2009,Female,Youth (15-24),17.8
Bulgaria,BGR,BG,True,2009,Male,Youth (15-24),20.3
Bulgaria,BGR,BG,True,2009,Total,Youth (15-24),19.4
Bulgaria,BGR,BG,True,2009,Female,Overall (15-74),7.7
Bulgaria,BGR,BG,True,2009,Male,Overall (15-74),8.1
Bulgaria,BGR,BG,True,2009,Total,Overall (15-74),7.9
Bulgaria,BGR,BG,True,2010,Female,Youth (15-24),24.4
Bulgaria,BGR,BG,True,2010,Male,Youth (15-24),25.5
Bulgaria,BGR,BG,True,2010,Total,Youth (15-24),25.1
Bulgaria,BGR,BG,True,2010,Female,Overall (15-74),10.6
Bulgaria,BGR,BG,True,2010,Male,Overall (15-74),12.0
Bulgaria,BGR,BG,True,2010,Total,Overall (15-74),11.3
Bulgaria,BGR,BG,True,2011,Female,Youth (15-24),28.1
Bulgaria,BGR,BG,True,2011,Male,Youth (15-24),28.2
Bulgaria,BGR,BG,True,2011,Total,Youth (15-24),28.2
Bulgaria,BGR,BG,True,2011,Female,Overall (15-74),11.1
Bulgaria,BGR,BG,True,2011,Male,Overall (15-74),13.3
Bulgaria,BGR,BG,True,2011,Total,Overall (15-74),12.3
Bulgaria,BGR,BG,True,2012,Female,Youth (15-24),30.6
Bulgaria,BGR,BG,True,2012,Male,Youth (15-24),31.5
Bulgaria,BGR,BG,True,2012,Total,Youth (15-24),31.2
Bulgaria,BGR,BG,True,2012,Female,Overall (15-74),11.8
Bulgaria,BGR,BG,True,2012,Male,Overall (15-74),14.6
Bulgaria,BGR,BG,True,2012,Total,Overall (15-74),13.3
Bulgaria,BGR,BG,True,2013,Female,Youth (15-24),30.3
Bulgaria,BGR,BG,True,2013,Male,Youth (15-24),32.2
Bulgaria,BGR,BG,True,2013,Total,Youth (15-24),31.5
Bulgaria,BGR,BG,True,2013,Female,Overall (15-74),12.8
Bulgaria,BGR,BG,True,2013,Male,Overall (15-74),14.9
Bulgaria,BGR,BG,True,2013,Total,Overall (15-74),13.9
Bulgaria,BGR,BG,True,2014,Female,Youth (15-24),28.3
Bulgaria,BGR,BG,True,2014,Male,Youth (15-24),26.1
Bulgaria,BGR,BG,True,2014,Total,Youth (15-24),26.9
Bulgaria,BGR,BG,True,2014,Female,Overall (15-74),11.3
Bulgaria,BGR,BG,True,2014,Male,Overall (15-74),13.3
Bulgaria,BGR,BG,True,2014,Total,Overall (15-74),12.4
Bulgaria,BGR,BG,True,2015,Female,Youth (15-24),26.7
Bulgaria,BGR,BG,True,2015,Male,Youth (15-24),23.6
Bulgaria,BGR,BG,True,2015,Total,Youth (15-24),24.7
Bulgaria,BGR,BG,True,2015,Female,Overall (15-74),9.3
Bulgaria,BGR,BG,True,2015,Male,Overall (15-74),10.8
Bulgaria,BGR,BG,True,2015,Total,Overall (15-74),10.1
Bulgaria,BGR,BG,True,2016,Female,Youth (15-24),21.1
Bulgaria,BGR,BG,True,2016,Male,Youth (15-24),20.0
Bulgaria,BGR,BG,True,2016,Total,Youth (15-24),20.4
Bulgaria,BGR,BG,True,2016,Female,Overall (15-74),7.9
Bulgaria,BGR,BG,True,2016,Male,Overall (15-74),9.2
Bulgaria,BGR,BG,True,2016,Total,Overall (15-74),8.6
Bulgaria,BGR,BG,True,2017,Female,Youth (15-24),16.3
Bulgaria,BGR,BG,True,2017,Male,Youth (15-24),16.0
Bulgaria,BGR,BG,True,2017,Total,Youth (15-24),16.1
Bulgaria,BGR,BG,True,2017,Female,Overall (15-74),6.9
Bulgaria,BGR,BG,True,2017,Male,Overall (15-74),7.4
Bulgaria,BGR,BG,True,2017,Total,Overall (15-74),7.2
Bulgaria,BGR,BG,True,2018,Female,Youth (15-24),15.7
Bulgaria,BGR,BG,True,2018,Male,Youth (15-24),16.0
Bulgaria,BGR,BG,True,2018,Total,Youth (15-24),15.9
Bulgaria,BGR,BG,True,2018,Female,Overall (15-74),5.6
Bulgaria,BGR,BG,True,2018,Male,Overall (15-74),6.7
Bulgaria,BGR,BG,True,2018,Total,Overall (15-74),6.2
Bulgaria,BGR,BG,True,2019,Female,Youth (15-24),11.8
Bulgaria,BGR,BG,True,2019,Male,Youth (15-24),12.3
Bulgaria,BGR,BG,True,2019,Total,Youth (15-24),12.1
Bulgaria,BGR,BG,True,2019,Female,Overall (15-74),4.8
Bulgaria,BGR,BG,True,2019,Male,Overall (15-74),5.5
Bulgaria,BGR,BG,True,2019,Total,Overall (15-74),5.2
Bulgaria,BGR,BG,True,2020,Female,Youth (15-24),17.7
Bulgaria,BGR,BG,True,2020,Male,Youth (15-24),17.3
Bulgaria,BGR,BG,True,2020,Total,Youth (15-24),17.5
Bulgaria,BGR,BG,True,2020,Female,Overall (15-74),5.6
Bulgaria,BGR,BG,True,2020,Male,Overall (15-74),6.4
Bulgaria,BGR,BG,True,2020,Total,Overall (15-74),6.1
Bulgaria,BGR,BG,True,2021,Female,Youth (15-24),15.1
Bulgaria,BGR,BG,True,2021,Male,Youth (15-24),16.2
Bulgaria,BGR,BG,True,2021,Total,Youth (15-24),15.8
Bulgaria,BGR,BG,True,2021,Female,Overall (15-74),4.9
Bulgaria,BGR,BG,True,2021,Male,Overall (15-74),5.4
Bulgaria,BGR,BG,True,2021,Total,Overall (15-74),5.2
Bulgaria,BGR,BG,True,2022,Female,Youth (15-24),10.4
Bulgaria,BGR,BG,True,2022,Male,Youth (15-24),10.8
Bulgaria,BGR,BG,True,2022,Total,Youth (15-24),10.6
Bulgaria,BGR,BG,True,2022,Female,Overall (15-74),3.9
Bulgaria,BGR,BG,True,2022,Male,Overall (15-74),4.3
Bulgaria,BGR,BG,True,2022,Total,Overall (15-74),4.2
Bulgaria,BGR,BG,True,2023,Female,Youth (15-24),11.1
Bulgaria,BGR,BG,True,2023,Male,Youth (15-24),12.8
Bulgaria,BGR,BG,True,2023,Total,Youth (15-24),12.1
Bulgaria,BGR,BG,True,2023,Female,Overall (15-74),4.2
Bulgaria,BGR,BG,True,2023,Male,Overall (15-74),4.4
Bulgaria,BGR,BG,True,2023,Total,Overall (15-74),4.3
Bulgaria,BGR,BG,True,2024,Female,Youth (15-24),11.7
Bulgaria,BGR,BG,True,2024,Male,Youth (15-24),12.8
Bulgaria,BGR,BG,True,2024,Total,Youth (15-24),12.3
Bulgaria,BGR,BG,True,2024,Female,Overall (15-74),3.9
Bulgaria,BGR,BG,True,2024,Male,Overall (15-74),4.4
Bulgaria,BGR,BG,True,2024,Total,Overall (15-74),4.2
Bulgaria,BGR,BG,True,2025,Female,Youth (15-24),11.8
Bulgaria,BGR,BG,True,2025,Male,Youth (15-24),14.0
Bulgaria,BGR,BG,True,2025,Total,Youth (15-24),13.1
Bulgaria,BGR,BG,True,2025,Female,Overall (15-74),3.4
Bulgaria,BGR,BG,True,2025,Male,Overall (15-74),3.7
Bulgaria,BGR,BG,True,2025,Total,Overall (15-74),3.5
Croatia,HRV,HR,True,2009,Female,Youth (15-24),27.6
Croatia,HRV,HR,True,2009,Male,Youth (15-24),23.0
Croatia,HRV,HR,True,2009,Total,Youth (15-24),24.8
Croatia,HRV,HR,True,2009,Female,Overall (15-74),10.5
Croatia,HRV,HR,True,2009,Male,Overall (15-74),7.8
Croatia,HRV,HR,True,2009,Total,Overall (15-74),9.1
Croatia,HRV,HR,True,2010,Female,Youth (15-24),35.3
Croatia,HRV,HR,True,2010,Male,Youth (15-24),31.4
Croatia,HRV,HR,True,2010,Total,Youth (15-24),33.0
Croatia,HRV,HR,True,2010,Female,Overall (15-74),12.5
Croatia,HRV,HR,True,2010,Male,Overall (15-74),11.0
Croatia,HRV,HR,True,2010,Total,Overall (15-74),11.7
Croatia,HRV,HR,True,2011,Female,Youth (15-24),36.1
Croatia,HRV,HR,True,2011,Male,Youth (15-24),36.2
Croatia,HRV,HR,True,2011,Total,Youth (15-24),36.1
Croatia,HRV,HR,True,2011,Female,Overall (15-74),13.6
Croatia,HRV,HR,True,2011,Male,Overall (15-74),13.5
Croatia,HRV,HR,True,2011,Total,Overall (15-74),13.6
Croatia,HRV,HR,True,2012,Female,Youth (15-24),42.3
Croatia,HRV,HR,True,2012,Male,Youth (15-24),42.6
Croatia,HRV,HR,True,2012,Total,Youth (15-24),42.5
Croatia,HRV,HR,True,2012,Female,Overall (15-74),16.0
Croatia,HRV,HR,True,2012,Male,Overall (15-74),16.2
Croatia,HRV,HR,True,2012,Total,Overall (15-74),16.1
Croatia,HRV,HR,True,2013,Female,Youth (15-24),51.0
Croatia,HRV,HR,True,2013,Male,Youth (15-24),50.1
Croatia,HRV,HR,True,2013,Total,Youth (15-24),50.5
Croatia,HRV,HR,True,2013,Female,Overall (15-74),16.8
Croatia,HRV,HR,True,2013,Male,Overall (15-74),17.7
Croatia,HRV,HR,True,2013,Total,Overall (15-74),17.3
Croatia,HRV,HR,True,2014,Female,Youth (15-24),46.6
Croatia,HRV,HR,True,2014,Male,Youth (15-24),45.1
Croatia,HRV,HR,True,2014,Total,Youth (15-24),45.7
Croatia,HRV,HR,True,2014,Female,Overall (15-74),18.3
Croatia,HRV,HR,True,2014,Male,Overall (15-74),16.3
Croatia,HRV,HR,True,2014,Total,Overall (15-74),17.3
Croatia,HRV,HR,True,2015,Female,Youth (15-24),43.5
Croatia,HRV,HR,True,2015,Male,Youth (15-24),41.5
Croatia,HRV,HR,True,2015,Total,Youth (15-24),42.3
Croatia,HRV,HR,True,2015,Female,Overall (15-74),17.0
Croatia,HRV,HR,True,2015,Male,Overall (15-74),15.5
Croatia,HRV,HR,True,2015,Total,Overall (15-74),16.2
Croatia,HRV,HR,True,2016,Female,Youth (15-24),31.0
Croatia,HRV,HR,True,2016,Male,Youth (15-24),30.9
Croatia,HRV,HR,True,2016,Total,Youth (15-24),30.9
Croatia,HRV,HR,True,2016,Female,Overall (15-74),13.7
Croatia,HRV,HR,True,2016,Male,Overall (15-74),12.4
Croatia,HRV,HR,True,2016,Total,Overall (15-74),13.0
Croatia,HRV,HR,True,2017,Female,Youth (15-24),27.2
Croatia,HRV,HR,True,2017,Male,Youth (15-24),27.5
Croatia,HRV,HR,True,2017,Total,Youth (15-24),27.4
Croatia,HRV,HR,True,2017,Female,Overall (15-74),11.8
Croatia,HRV,HR,True,2017,Male,Overall (15-74),10.5
Croatia,HRV,HR,True,2017,Total,Overall (15-74),11.1
Croatia,HRV,HR,True,2018,Female,Youth (15-24),29.1
Croatia,HRV,HR,True,2018,Male,Youth (15-24),19.3
Croatia,HRV,HR,True,2018,Total,Youth (15-24),23.5
Croatia,HRV,HR,True,2018,Female,Overall (15-74),9.3
Croatia,HRV,HR,True,2018,Male,Overall (15-74),7.5
Croatia,HRV,HR,True,2018,Total,Overall (15-74),8.3
Croatia,HRV,HR,True,2019,Female,Youth (15-24),18.8
Croatia,HRV,HR,True,2019,Male,Youth (15-24),15.3
Croatia,HRV,HR,True,2019,Total,Youth (15-24),16.7
Croatia,HRV,HR,True,2019,Female,Overall (15-74),7.1
Croatia,HRV,HR,True,2019,Male,Overall (15-74),6.1
Croatia,HRV,HR,True,2019,Total,Overall (15-74),6.6
Croatia,HRV,HR,True,2020,Female,Youth (15-24),23.9
Croatia,HRV,HR,True,2020,Male,Youth (15-24),18.6
Croatia,HRV,HR,True,2020,Total,Youth (15-24),20.6
Croatia,HRV,HR,True,2020,Female,Overall (15-74),7.5
Croatia,HRV,HR,True,2020,Male,Overall (15-74),7.3
Croatia,HRV,HR,True,2020,Total,Overall (15-74),7.4
Croatia,HRV,HR,True,2021,Female,Youth (15-24),26.3
Croatia,HRV,HR,True,2021,Male,Youth (15-24),18.3
Croatia,HRV,HR,True,2021,Total,Youth (15-24),21.5
Croatia,HRV,HR,True,2021,Female,Overall (15-74),8.0
Croatia,HRV,HR,True,2021,Male,Overall (15-74),7.1
Croatia,HRV,HR,True,2021,Total,Overall (15-74),7.5
Croatia,HRV,HR,True,2022,Female,Youth (15-24),22.1
Croatia,HRV,HR,True,2022,Male,Youth (15-24),14.7
Croatia,HRV,HR,True,2022,Total,Youth (15-24),17.7
Croatia,HRV,HR,True,2022,Female,Overall (15-74),7.9
Croatia,HRV,HR,True,2022,Male,Overall (15-74),5.9
Croatia,HRV,HR,True,2022,Total,Overall (15-74),6.8
Croatia,HRV,HR,True,2023,Female,Youth (15-24),21.9
Croatia,HRV,HR,True,2023,Male,Youth (15-24),17.1
Croatia,HRV,HR,True,2023,Total,Youth (15-24),18.9
Croatia,HRV,HR,True,2023,Female,Overall (15-74),6.7
Croatia,HRV,HR,True,2023,Male,Overall (15-74),5.7
Croatia,HRV,HR,True,2023,Total,Overall (15-74),6.1
Croatia,HRV,HR,True,2024,Female,Youth (15-24),18.2
Croatia,HRV,HR,True,2024,Male,Youth (15-24),15.9
Croatia,HRV,HR,True,2024,Total,Youth (15-24),16.8
Croatia,HRV,HR,True,2024,Female,Overall (15-74),5.0
Croatia,HRV,HR,True,2024,Male,Overall (15-74),5.0
Croatia,HRV,HR,True,2024,Total,Overall (15-74),5.0
Croatia,HRV,HR,True,2025,Female,Youth (15-24),18.5
Croatia,HRV,HR,True,2025,Male,Youth (15-24),18.1
Croatia,HRV,HR,True,2025,Total,Youth (15-24),18.3
Croatia,HRV,HR,True,2025,Female,Overall (15-74),4.3
Croatia,HRV,HR,True,2025,Male,Overall (15-74),5.4
Croatia,HRV,HR,True,2025,Total,Overall (15-74),4.9
Cyprus,CYP,CY,True,2009,Female,Youth (15-24),14.0
Cyprus,CYP,CY,True,2009,Male,Youth (15-24),13.6
Cyprus,CYP,CY,True,2009,Total,Youth (15-24),13.8
Cyprus,CYP,CY,True,2009,Female,Overall (15-74),5.5
Cyprus,CYP,CY,True,2009,Male,Overall (15-74),5.3
Cyprus,CYP,CY,True,2009,Total,Overall (15-74),5.4
Cyprus,CYP,CY,True,2010,Female,Youth (15-24),17.2
Cyprus,CYP,CY,True,2010,Male,Youth (15-24),15.9
Cyprus,CYP,CY,True,2010,Total,Youth (15-24),16.6
Cyprus,CYP,CY,True,2010,Female,Overall (15-74),6.4
Cyprus,CYP,CY,True,2010,Male,Overall (15-74),6.2
Cyprus,CYP,CY,True,2010,Total,Overall (15-74),6.3
Cyprus,CYP,CY,True,2011,Female,Youth (15-24),21.5
Cyprus,CYP,CY,True,2011,Male,Youth (15-24),23.3
Cyprus,CYP,CY,True,2011,Total,Youth (15-24),22.4
Cyprus,CYP,CY,True,2011,Female,Overall (15-74),7.7
Cyprus,CYP,CY,True,2011,Male,Overall (15-74),8.1
Cyprus,CYP,CY,True,2011,Total,Overall (15-74),7.9
Cyprus,CYP,CY,True,2012,Female,Youth (15-24),26.7
Cyprus,CYP,CY,True,2012,Male,Youth (15-24),28.8
Cyprus,CYP,CY,True,2012,Total,Youth (15-24),27.7
Cyprus,CYP,CY,True,2012,Female,Overall (15-74),11.1
Cyprus,CYP,CY,True,2012,Male,Overall (15-74),12.6
Cyprus,CYP,CY,True,2012,Total,Overall (15-74),11.9
Cyprus,CYP,CY,True,2013,Female,Youth (15-24),36.8
Cyprus,CYP,CY,True,2013,Male,Youth (15-24),41.1
Cyprus,CYP,CY,True,2013,Total,Youth (15-24),38.9
Cyprus,CYP,CY,True,2013,Female,Overall (15-74),15.2
Cyprus,CYP,CY,True,2013,Male,Overall (15-74),16.6
Cyprus,CYP,CY,True,2013,Total,Overall (15-74),15.9
Cyprus,CYP,CY,True,2014,Female,Youth (15-24),34.6
Cyprus,CYP,CY,True,2014,Male,Youth (15-24),37.4
Cyprus,CYP,CY,True,2014,Total,Youth (15-24),36.0
Cyprus,CYP,CY,True,2014,Female,Overall (15-74),15.1
Cyprus,CYP,CY,True,2014,Male,Overall (15-74),17.1
Cyprus,CYP,CY,True,2014,Total,Overall (15-74),16.1
Cyprus,CYP,CY,True,2015,Female,Youth (15-24),31.1
Cyprus,CYP,CY,True,2015,Male,Youth (15-24),34.7
Cyprus,CYP,CY,True,2015,Total,Youth (15-24),32.8
Cyprus,CYP,CY,True,2015,Female,Overall (15-74),14.8
Cyprus,CYP,CY,True,2015,Male,Overall (15-74),15.1
Cyprus,CYP,CY,True,2015,Total,Overall (15-74),15.0
Cyprus,CYP,CY,True,2016,Female,Youth (15-24),31.8
Cyprus,CYP,CY,True,2016,Male,Youth (15-24),25.8
Cyprus,CYP,CY,True,2016,Total,Youth (15-24),29.1
Cyprus,CYP,CY,True,2016,Female,Overall (15-74),13.4
Cyprus,CYP,CY,True,2016,Male,Overall (15-74),12.7
Cyprus,CYP,CY,True,2016,Total,Overall (15-74),13.0
Cyprus,CYP,CY,True,2017,Female,Youth (15-24),22.9
Cyprus,CYP,CY,True,2017,Male,Youth (15-24),27.0
Cyprus,CYP,CY,True,2017,Total,Youth (15-24),24.7
Cyprus,CYP,CY,True,2017,Female,Overall (15-74),11.3
Cyprus,CYP,CY,True,2017,Male,Overall (15-74),10.9
Cyprus,CYP,CY,True,2017,Total,Overall (15-74),11.1
Cyprus,CYP,CY,True,2018,Female,Youth (15-24),16.2
Cyprus,CYP,CY,True,2018,Male,Youth (15-24),25.0
Cyprus,CYP,CY,True,2018,Total,Youth (15-24),20.2
Cyprus,CYP,CY,True,2018,Female,Overall (15-74),8.8
Cyprus,CYP,CY,True,2018,Male,Overall (15-74),8.1
Cyprus,CYP,CY,True,2018,Total,Overall (15-74),8.4
Cyprus,CYP,CY,True,2019,Female,Youth (15-24),15.1
Cyprus,CYP,CY,True,2019,Male,Youth (15-24),20.1
Cyprus,CYP,CY,True,2019,Total,Youth (15-24),17.6
Cyprus,CYP,CY,True,2019,Female,Overall (15-74),7.7
Cyprus,CYP,CY,True,2019,Male,Overall (15-74),6.7
Cyprus,CYP,CY,True,2019,Total,Overall (15-74),7.2
Cyprus,CYP,CY,True,2020,Female,Youth (15-24),11.7
Cyprus,CYP,CY,True,2020,Male,Youth (15-24),22.5
Cyprus,CYP,CY,True,2020,Total,Youth (15-24),17.6
Cyprus,CYP,CY,True,2020,Female,Overall (15-74),7.5
Cyprus,CYP,CY,True,2020,Male,Overall (15-74),7.7
Cyprus,CYP,CY,True,2020,Total,Overall (15-74),7.6
Cyprus,CYP,CY,True,2021,Female,Youth (15-24),16.1
Cyprus,CYP,CY,True,2021,Male,Youth (15-24),18.4
Cyprus,CYP,CY,True,2021,Total,Youth (15-24),17.3
Cyprus,CYP,CY,True,2021,Female,Overall (15-74),7.3
Cyprus,CYP,CY,True,2021,Male,Overall (15-74),7.0
Cyprus,CYP,CY,True,2021,Total,Overall (15-74),7.2
Cyprus,CYP,CY,True,2022,Female,Youth (15-24),18.0
Cyprus,CYP,CY,True,2022,Male,Youth (15-24),18.3
Cyprus,CYP,CY,True,2022,Total,Youth (15-24),18.1
Cyprus,CYP,CY,True,2022,Female,Overall (15-74),6.8
Cyprus,CYP,CY,True,2022,Male,Overall (15-74),5.8
Cyprus,CYP,CY,True,2022,Total,Overall (15-74),6.3
Cyprus,CYP,CY,True,2023,Female,Youth (15-24),14.8
Cyprus,CYP,CY,True,2023,Male,Youth (15-24),18.1
Cyprus,CYP,CY,True,2023,Total,Youth (15-24),16.5
Cyprus,CYP,CY,True,2023,Female,Overall (15-74),5.8
Cyprus,CYP,CY,True,2023,Male,Overall (15-74),5.7
Cyprus,CYP,CY,True,2023,Total,Overall (15-74),5.8
Cyprus,CYP,CY,True,2024,Female,Youth (15-24),13.6
Cyprus,CYP,CY,True,2024,Male,Youth (15-24),12.5
Cyprus,CYP,CY,True,2024,Total,Youth (15-24),13.0
Cyprus,CYP,CY,True,2024,Female,Overall (15-74),5.1
Cyprus,CYP,CY,True,2024,Male,Overall (15-74),4.5
Cyprus,CYP,CY,True,2024,Total,Overall (15-74),4.8
Cyprus,CYP,CY,True,2025,Female,Youth (15-24),12.5
Cyprus,CYP,CY,True,2025,Male,Youth (15-24),14.4
Cyprus,CYP,CY,True,2025,Total,Youth (15-24),13.5
Cyprus,CYP,CY,True,2025,Female,Overall (15-74),4.8
Cyprus,CYP,CY,True,2025,Male,Overall (15-74),4.0
Cyprus,CYP,CY,True,2025,Total,Overall (15-74),4.4
Czechia,CZE,CZ,True,2009,Female,Youth (15-24),16.7
Czechia,CZE,CZ,True,2009,Male,Youth (15-24),16.6
Czechia,CZE,CZ,True,2009,Total,Youth (15-24),16.6
Czechia,CZE,CZ,True,2009,Female,Overall (15-74),7.7
Czechia,CZE,CZ,True,2009,Male,Overall (15-74),5.9
Czechia,CZE,CZ,True,2009,Total,Overall (15-74),6.7
Czechia,CZE,CZ,True,2010,Female,Youth (15-24),18.5
Czechia,CZE,CZ,True,2010,Male,Youth (15-24),18.2
Czechia,CZE,CZ,True,2010,Total,Youth (15-24),18.3
Czechia,CZE,CZ,True,2010,Female,Overall (15-74),8.5
Czechia,CZE,CZ,True,2010,Male,Overall (15-74),6.4
Czechia,CZE,CZ,True,2010,Total,Overall (15-74),7.3
Czechia,CZE,CZ,True,2011,Female,Youth (15-24),18.0
Czechia,CZE,CZ,True,2011,Male,Youth (15-24),18.1
Czechia,CZE,CZ,True,2011,Total,Youth (15-24),18.1
Czechia,CZE,CZ,True,2011,Female,Overall (15-74),7.9
Czechia,CZE,CZ,True,2011,Male,Overall (15-74),5.8
Czechia,CZE,CZ,True,2011,Total,Overall (15-74),6.7
Czechia,CZE,CZ,True,2012,Female,Youth (15-24),19.0
Czechia,CZE,CZ,True,2012,Male,Youth (15-24),19.9
Czechia,CZE,CZ,True,2012,Total,Youth (15-24),19.5
Czechia,CZE,CZ,True,2012,Female,Overall (15-74),8.2
Czechia,CZE,CZ,True,2012,Male,Overall (15-74),6.0
Czechia,CZE,CZ,True,2012,Total,Overall (15-74),7.0
Czechia,CZE,CZ,True,2013,Female,Youth (15-24),19.4
Czechia,CZE,CZ,True,2013,Male,Youth (15-24),18.6
Czechia,CZE,CZ,True,2013,Total,Youth (15-24),19.0
Czechia,CZE,CZ,True,2013,Female,Overall (15-74),8.3
Czechia,CZE,CZ,True,2013,Male,Overall (15-74),5.9
Czechia,CZE,CZ,True,2013,Total,Overall (15-74),7.0
Czechia,CZE,CZ,True,2014,Female,Youth (15-24),17.1
Czechia,CZE,CZ,True,2014,Male,Youth (15-24),15.0
Czechia,CZE,CZ,True,2014,Total,Youth (15-24),15.9
Czechia,CZE,CZ,True,2014,Female,Overall (15-74),7.4
Czechia,CZE,CZ,True,2014,Male,Overall (15-74),5.1
Czechia,CZE,CZ,True,2014,Total,Overall (15-74),6.1
Czechia,CZE,CZ,True,2015,Female,Youth (15-24),14.4
Czechia,CZE,CZ,True,2015,Male,Youth (15-24),11.3
Czechia,CZE,CZ,True,2015,Total,Youth (15-24),12.6
Czechia,CZE,CZ,True,2015,Female,Overall (15-74),6.1
Czechia,CZE,CZ,True,2015,Male,Overall (15-74),4.2
Czechia,CZE,CZ,True,2015,Total,Overall (15-74),5.1
Czechia,CZE,CZ,True,2016,Female,Youth (15-24),11.4
Czechia,CZE,CZ,True,2016,Male,Youth (15-24),9.9
Czechia,CZE,CZ,True,2016,Total,Youth (15-24),10.5
Czechia,CZE,CZ,True,2016,Female,Overall (15-74),4.7
Czechia,CZE,CZ,True,2016,Male,Overall (15-74),3.4
Czechia,CZE,CZ,True,2016,Total,Overall (15-74),4.0
Czechia,CZE,CZ,True,2017,Female,Youth (15-24),8.7
Czechia,CZE,CZ,True,2017,Male,Youth (15-24),7.4
Czechia,CZE,CZ,True,2017,Total,Youth (15-24),7.9
Czechia,CZE,CZ,True,2017,Female,Overall (15-74),3.6
Czechia,CZE,CZ,True,2017,Male,Overall (15-74),2.3
Czechia,CZE,CZ,True,2017,Total,Overall (15-74),2.9
Czechia,CZE,CZ,True,2018,Female,Youth (15-24),7.2
Czechia,CZE,CZ,True,2018,Male,Youth (15-24),6.4
Czechia,CZE,CZ,True,2018,Total,Youth (15-24),6.7
Czechia,CZE,CZ,True,2018,Female,Overall (15-74),2.8
Czechia,CZE,CZ,True,2018,Male,Overall (15-74),1.8
Czechia,CZE,CZ,True,2018,Total,Overall (15-74),2.2
Czechia,CZE,CZ,True,2019,Female,Youth (15-24),6.0
Czechia,CZE,CZ,True,2019,Male,Youth (15-24),5.4
Czechia,CZE,CZ,True,2019,Total,Youth (15-24),5.6
Czechia,CZE,CZ,True,2019,Female,Overall (15-74),2.4
Czechia,CZE,CZ,True,2019,Male,Overall (15-74),1.7
Czechia,CZE,CZ,True,2019,Total,Overall (15-74),2.0
Czechia,CZE,CZ,True,2020,Female,Youth (15-24),9.2
Czechia,CZE,CZ,True,2020,Male,Youth (15-24),7.2
Czechia,CZE,CZ,True,2020,Total,Youth (15-24),8.0
Czechia,CZE,CZ,True,2020,Female,Overall (15-74),3.0
Czechia,CZE,CZ,True,2020,Male,Overall (15-74),2.2
Czechia,CZE,CZ,True,2020,Total,Overall (15-74),2.6
Czechia,CZE,CZ,True,2021,Female,Youth (15-24),9.1
Czechia,CZE,CZ,True,2021,Male,Youth (15-24),7.6
Czechia,CZE,CZ,True,2021,Total,Youth (15-24),8.2
Czechia,CZE,CZ,True,2021,Female,Overall (15-74),3.4
Czechia,CZE,CZ,True,2021,Male,Overall (15-74),2.3
Czechia,CZE,CZ,True,2021,Total,Overall (15-74),2.8
Czechia,CZE,CZ,True,2022,Female,Youth (15-24),7.9
Czechia,CZE,CZ,True,2022,Male,Youth (15-24),6.0
Czechia,CZE,CZ,True,2022,Total,Youth (15-24),6.8
Czechia,CZE,CZ,True,2022,Female,Overall (15-74),2.8
Czechia,CZE,CZ,True,2022,Male,Overall (15-74),1.8
Czechia,CZE,CZ,True,2022,Total,Overall (15-74),2.2
Czechia,CZE,CZ,True,2023,Female,Youth (15-24),8.8
Czechia,CZE,CZ,True,2023,Male,Youth (15-24),7.9
Czechia,CZE,CZ,True,2023,Total,Youth (15-24),8.3
Czechia,CZE,CZ,True,2023,Female,Overall (15-74),3.1
Czechia,CZE,CZ,True,2023,Male,Overall (15-74),2.2
Czechia,CZE,CZ,True,2023,Total,Overall (15-74),2.6
Czechia,CZE,CZ,True,2024,Female,Youth (15-24),9.9
Czechia,CZE,CZ,True,2024,Male,Youth (15-24),8.6
Czechia,CZE,CZ,True,2024,Total,Youth (15-24),9.1
Czechia,CZE,CZ,True,2024,Female,Overall (15-74),3.0
Czechia,CZE,CZ,True,2024,Male,Overall (15-74),2.3
Czechia,CZE,CZ,True,2024,Total,Overall (15-74),2.6
Czechia,CZE,CZ,True,2025,Female,Youth (15-24),10.4
Czechia,CZE,CZ,True,2025,Male,Youth (15-24),10.5
Czechia,CZE,CZ,True,2025,Total,Youth (15-24),10.4
Czechia,CZE,CZ,True,2025,Female,Overall (15-74),3.1
Czechia,CZE,CZ,True,2025,Male,Overall (15-74),2.5
Czechia,CZE,CZ,True,2025,Total,Overall (15-74),2.8
Denmark,DNK,DK,True,2009,Female,Youth (15-24),11.6
Denmark,DNK,DK,True,2009,Male,Youth (15-24),15.3
Denmark,DNK,DK,True,2009,Total,Youth (15-24),13.5
Denmark,DNK,DK,True,2009,Female,Overall (15-74),5.7
Denmark,DNK,DK,True,2009,Male,Overall (15-74),7.1
Denmark,DNK,DK,True,2009,Total,Overall (15-74),6.4
Denmark,DNK,DK,True,2010,Female,Youth (15-24),13.2
Denmark,DNK,DK,True,2010,Male,Youth (15-24),17.9
Denmark,DNK,DK,True,2010,Total,Youth (15-24),15.6
Denmark,DNK,DK,True,2010,Female,Overall (15-74),6.8
Denmark,DNK,DK,True,2010,Male,Overall (15-74),8.6
Denmark,DNK,DK,True,2010,Total,Overall (15-74),7.7
Denmark,DNK,DK,True,2011,Female,Youth (15-24),14.4
Denmark,DNK,DK,True,2011,Male,Youth (15-24),18.2
Denmark,DNK,DK,True,2011,Total,Youth (15-24),16.4
Denmark,DNK,DK,True,2011,Female,Overall (15-74),7.6
Denmark,DNK,DK,True,2011,Male,Overall (15-74),7.9
Denmark,DNK,DK,True,2011,Total,Overall (15-74),7.8
Denmark,DNK,DK,True,2012,Female,Youth (15-24),14.8
Denmark,DNK,DK,True,2012,Male,Youth (15-24),16.8
Denmark,DNK,DK,True,2012,Total,Youth (15-24),15.8
Denmark,DNK,DK,True,2012,Female,Overall (15-74),7.8
Denmark,DNK,DK,True,2012,Male,Overall (15-74),7.8
Denmark,DNK,DK,True,2012,Total,Overall (15-74),7.8
Denmark,DNK,DK,True,2013,Female,Youth (15-24),13.3
Denmark,DNK,DK,True,2013,Male,Youth (15-24),16.3
Denmark,DNK,DK,True,2013,Total,Youth (15-24),14.8
Denmark,DNK,DK,True,2013,Female,Overall (15-74),7.7
Denmark,DNK,DK,True,2013,Male,Overall (15-74),7.1
Denmark,DNK,DK,True,2013,Total,Overall (15-74),7.4
Denmark,DNK,DK,True,2014,Female,Youth (15-24),12.9
Denmark,DNK,DK,True,2014,Male,Youth (15-24),15.6
Denmark,DNK,DK,True,2014,Total,Youth (15-24),14.2
Denmark,DNK,DK,True,2014,Female,Overall (15-74),7.1
Denmark,DNK,DK,True,2014,Male,Overall (15-74),6.7
Denmark,DNK,DK,True,2014,Total,Overall (15-74),6.9
Denmark,DNK,DK,True,2015,Female,Youth (15-24),11.1
Denmark,DNK,DK,True,2015,Male,Youth (15-24),13.2
Denmark,DNK,DK,True,2015,Total,Youth (15-24),12.2
Denmark,DNK,DK,True,2015,Female,Overall (15-74),6.5
Denmark,DNK,DK,True,2015,Male,Overall (15-74),6.1
Denmark,DNK,DK,True,2015,Total,Overall (15-74),6.3
Denmark,DNK,DK,True,2016,Female,Youth (15-24),10.8
Denmark,DNK,DK,True,2016,Male,Youth (15-24),13.5
Denmark,DNK,DK,True,2016,Total,Youth (15-24),12.2
Denmark,DNK,DK,True,2016,Female,Overall (15-74),6.4
Denmark,DNK,DK,True,2016,Male,Overall (15-74),5.6
Denmark,DNK,DK,True,2016,Total,Overall (15-74),6.0
Denmark,DNK,DK,True,2017,Female,Youth (15-24),11.9
Denmark,DNK,DK,True,2017,Male,Youth (15-24),12.9
Denmark,DNK,DK,True,2017,Total,Youth (15-24),12.4
Denmark,DNK,DK,True,2017,Female,Overall (15-74),6.1
Denmark,DNK,DK,True,2017,Male,Overall (15-74),5.6
Denmark,DNK,DK,True,2017,Total,Overall (15-74),5.8
Denmark,DNK,DK,True,2018,Female,Youth (15-24),9.2
Denmark,DNK,DK,True,2018,Male,Youth (15-24),11.8
Denmark,DNK,DK,True,2018,Total,Youth (15-24),10.5
Denmark,DNK,DK,True,2018,Female,Overall (15-74),5.3
Denmark,DNK,DK,True,2018,Male,Overall (15-74),4.9
Denmark,DNK,DK,True,2018,Total,Overall (15-74),5.1
Denmark,DNK,DK,True,2019,Female,Youth (15-24),9.7
Denmark,DNK,DK,True,2019,Male,Youth (15-24),10.4
Denmark,DNK,DK,True,2019,Total,Youth (15-24),10.1
Denmark,DNK,DK,True,2019,Female,Overall (15-74),5.3
Denmark,DNK,DK,True,2019,Male,Overall (15-74),4.8
Denmark,DNK,DK,True,2019,Total,Overall (15-74),5.0
Denmark,DNK,DK,True,2020,Female,Youth (15-24),10.7
Denmark,DNK,DK,True,2020,Male,Youth (15-24),12.6
Denmark,DNK,DK,True,2020,Total,Youth (15-24),11.7
Denmark,DNK,DK,True,2020,Female,Overall (15-74),6.0
Denmark,DNK,DK,True,2020,Male,Overall (15-74),5.3
Denmark,DNK,DK,True,2020,Total,Overall (15-74),5.6
Denmark,DNK,DK,True,2021,Female,Youth (15-24),11.0
Denmark,DNK,DK,True,2021,Male,Youth (15-24),10.7
Denmark,DNK,DK,True,2021,Total,Youth (15-24),10.8
Denmark,DNK,DK,True,2021,Female,Overall (15-74),5.2
Denmark,DNK,DK,True,2021,Male,Overall (15-74),5.0
Denmark,DNK,DK,True,2021,Total,Overall (15-74),5.1
Denmark,DNK,DK,True,2022,Female,Youth (15-24),10.5
Denmark,DNK,DK,True,2022,Male,Youth (15-24),10.6
Denmark,DNK,DK,True,2022,Total,Youth (15-24),10.6
Denmark,DNK,DK,True,2022,Female,Overall (15-74),4.5
Denmark,DNK,DK,True,2022,Male,Overall (15-74),4.4
Denmark,DNK,DK,True,2022,Total,Overall (15-74),4.5
Denmark,DNK,DK,True,2023,Female,Youth (15-24),11.3
Denmark,DNK,DK,True,2023,Male,Youth (15-24),11.8
Denmark,DNK,DK,True,2023,Total,Youth (15-24),11.5
Denmark,DNK,DK,True,2023,Female,Overall (15-74),5.3
Denmark,DNK,DK,True,2023,Male,Overall (15-74),5.0
Denmark,DNK,DK,True,2023,Total,Overall (15-74),5.1
Denmark,DNK,DK,True,2024,Female,Youth (15-24),14.2
Denmark,DNK,DK,True,2024,Male,Youth (15-24),15.0
Denmark,DNK,DK,True,2024,Total,Youth (15-24),14.6
Denmark,DNK,DK,True,2024,Female,Overall (15-74),6.5
Denmark,DNK,DK,True,2024,Male,Overall (15-74),5.9
Denmark,DNK,DK,True,2024,Total,Overall (15-74),6.2
Denmark,DNK,DK,True,2025,Female,Youth (15-24),13.3
Denmark,DNK,DK,True,2025,Male,Youth (15-24),14.3
Denmark,DNK,DK,True,2025,Total,Youth (15-24),13.8
Denmark,DNK,DK,True,2025,Female,Overall (15-74),6.4
Denmark,DNK,DK,True,2025,Male,Overall (15-74),6.4
Denmark,DNK,DK,True,2025,Total,Overall (15-74),6.4
Estonia,EST,EE,True,2009,Female,Youth (15-24),21.5
Estonia,EST,EE,True,2009,Male,Youth (15-24),31.6
Estonia,EST,EE,True,2009,Total,Youth (15-24),27.2
Estonia,EST,EE,True,2009,Female,Overall (15-74),10.2
Estonia,EST,EE,True,2009,Male,Overall (15-74),16.7
Estonia,EST,EE,True,2009,Total,Overall (15-74),13.5
Estonia,EST,EE,True,2010,Female,Youth (15-24),28.8
Estonia,EST,EE,True,2010,Male,Youth (15-24),35.7
Estonia,EST,EE,True,2010,Total,Youth (15-24),32.6
Estonia,EST,EE,True,2010,Female,Overall (15-74),13.9
Estonia,EST,EE,True,2010,Male,Overall (15-74),19.2
Estonia,EST,EE,True,2010,Total,Overall (15-74),16.6
Estonia,EST,EE,True,2011,Female,Youth (15-24),20.3
Estonia,EST,EE,True,2011,Male,Youth (15-24),23.8
Estonia,EST,EE,True,2011,Total,Youth (15-24),22.3
Estonia,EST,EE,True,2011,Female,Overall (15-74),11.5
Estonia,EST,EE,True,2011,Male,Overall (15-74),13.1
Estonia,EST,EE,True,2011,Total,Overall (15-74),12.3
Estonia,EST,EE,True,2012,Female,Youth (15-24),18.2
Estonia,EST,EE,True,2012,Male,Youth (15-24),22.8
Estonia,EST,EE,True,2012,Total,Youth (15-24),20.7
Estonia,EST,EE,True,2012,Female,Overall (15-74),8.9
Estonia,EST,EE,True,2012,Male,Overall (15-74),10.9
Estonia,EST,EE,True,2012,Total,Overall (15-74),9.9
Estonia,EST,EE,True,2013,Female,Youth (15-24),19.6
Estonia,EST,EE,True,2013,Male,Youth (15-24),17.8
Estonia,EST,EE,True,2013,Total,Youth (15-24),18.6
Estonia,EST,EE,True,2013,Female,Overall (15-74),8.0
Estonia,EST,EE,True,2013,Male,Overall (15-74),9.1
Estonia,EST,EE,True,2013,Total,Overall (15-74),8.6
Estonia,EST,EE,True,2014,Female,Youth (15-24),9.9
Estonia,EST,EE,True,2014,Male,Youth (15-24),19.3
Estonia,EST,EE,True,2014,Total,Youth (15-24),14.9
Estonia,EST,EE,True,2014,Female,Overall (15-74),6.7
Estonia,EST,EE,True,2014,Male,Overall (15-74),7.9
Estonia,EST,EE,True,2014,Total,Overall (15-74),7.3
Estonia,EST,EE,True,2015,Female,Youth (15-24),12.9
Estonia,EST,EE,True,2015,Male,Youth (15-24),15.5
Estonia,EST,EE,True,2015,Total,Youth (15-24),14.3
Estonia,EST,EE,True,2015,Female,Overall (15-74),6.2
Estonia,EST,EE,True,2015,Male,Overall (15-74),6.5
Estonia,EST,EE,True,2015,Total,Overall (15-74),6.4
Estonia,EST,EE,True,2016,Female,Youth (15-24),10.4
Estonia,EST,EE,True,2016,Male,Youth (15-24),17.3
Estonia,EST,EE,True,2016,Total,Youth (15-24),14.0
Estonia,EST,EE,True,2016,Female,Overall (15-74),6.1
Estonia,EST,EE,True,2016,Male,Overall (15-74),7.6
Estonia,EST,EE,True,2016,Total,Overall (15-74),6.8
Estonia,EST,EE,True,2017,Female,Youth (15-24),9.3
Estonia,EST,EE,True,2017,Male,Youth (15-24),14.7
Estonia,EST,EE,True,2017,Total,Youth (15-24),12.1
Estonia,EST,EE,True,2017,Female,Overall (15-74),5.1
Estonia,EST,EE,True,2017,Male,Overall (15-74),6.3
Estonia,EST,EE,True,2017,Total,Overall (15-74),5.8
Estonia,EST,EE,True,2018,Female,Youth (15-24),11.1
Estonia,EST,EE,True,2018,Male,Youth (15-24),12.9
Estonia,EST,EE,True,2018,Total,Youth (15-24),12.0
Estonia,EST,EE,True,2018,Female,Overall (15-74),5.2
Estonia,EST,EE,True,2018,Male,Overall (15-74),5.6
Estonia,EST,EE,True,2018,Total,Overall (15-74),5.4
Estonia,EST,EE,True,2019,Female,Youth (15-24),12.0
Estonia,EST,EE,True,2019,Male,Youth (15-24),11.2
Estonia,EST,EE,True,2019,Total,Youth (15-24),11.6
Estonia,EST,EE,True,2019,Female,Overall (15-74),4.8
Estonia,EST,EE,True,2019,Male,Overall (15-74),4.1
Estonia,EST,EE,True,2019,Total,Overall (15-74),4.5
Estonia,EST,EE,True,2020,Female,Youth (15-24),18.3
Estonia,EST,EE,True,2020,Male,Youth (15-24),18.4
Estonia,EST,EE,True,2020,Total,Youth (15-24),18.3
Estonia,EST,EE,True,2020,Female,Overall (15-74),6.6
Estonia,EST,EE,True,2020,Male,Overall (15-74),7.1
Estonia,EST,EE,True,2020,Total,Overall (15-74),6.9
Estonia,EST,EE,True,2021,Female,Youth (15-24),15.0
Estonia,EST,EE,True,2021,Male,Youth (15-24),18.4
Estonia,EST,EE,True,2021,Total,Youth (15-24),16.7
Estonia,EST,EE,True,2021,Female,Overall (15-74),5.6
Estonia,EST,EE,True,2021,Male,Overall (15-74),6.8
Estonia,EST,EE,True,2021,Total,Overall (15-74),6.2
Estonia,EST,EE,True,2022,Female,Youth (15-24),16.5
Estonia,EST,EE,True,2022,Male,Youth (15-24),21.0
Estonia,EST,EE,True,2022,Total,Youth (15-24),18.6
Estonia,EST,EE,True,2022,Female,Overall (15-74),5.1
Estonia,EST,EE,True,2022,Male,Overall (15-74),6.1
Estonia,EST,EE,True,2022,Total,Overall (15-74),5.6
Estonia,EST,EE,True,2023,Female,Youth (15-24),16.4
Estonia,EST,EE,True,2023,Male,Youth (15-24),18.4
Estonia,EST,EE,True,2023,Total,Youth (15-24),17.3
Estonia,EST,EE,True,2023,Female,Overall (15-74),6.7
Estonia,EST,EE,True,2023,Male,Overall (15-74),6.2
Estonia,EST,EE,True,2023,Total,Overall (15-74),6.4
Estonia,EST,EE,True,2024,Female,Youth (15-24),19.3
Estonia,EST,EE,True,2024,Male,Youth (15-24),18.9
Estonia,EST,EE,True,2024,Total,Youth (15-24),19.1
Estonia,EST,EE,True,2024,Female,Overall (15-74),7.5
Estonia,EST,EE,True,2024,Male,Overall (15-74),7.6
Estonia,EST,EE,True,2024,Total,Overall (15-74),7.6
Estonia,EST,EE,True,2025,Female,Youth (15-24),18.8
Estonia,EST,EE,True,2025,Male,Youth (15-24),22.5
Estonia,EST,EE,True,2025,Total,Youth (15-24),20.7
Estonia,EST,EE,True,2025,Female,Overall (15-74),6.6
Estonia,EST,EE,True,2025,Male,Overall (15-74),8.3
Estonia,EST,EE,True,2025,Total,Overall (15-74),7.5
Finland,FIN,FI,True,2009,Female,Youth (15-24),18.6
Finland,FIN,FI,True,2009,Male,Youth (15-24),24.8
Finland,FIN,FI,True,2009,Total,Youth (15-24),21.7
Finland,FIN,FI,True,2009,Female,Overall (15-74),7.4
Finland,FIN,FI,True,2009,Male,Overall (15-74),9.2
Finland,FIN,FI,True,2009,Total,Overall (15-74),8.3
Finland,FIN,FI,True,2010,Female,Youth (15-24),19.4
Finland,FIN,FI,True,2010,Male,Youth (15-24),24.4
Finland,FIN,FI,True,2010,Total,Youth (15-24),22.0
Finland,FIN,FI,True,2010,Female,Overall (15-74),7.7
Finland,FIN,FI,True,2010,Male,Overall (15-74),9.4
Finland,FIN,FI,True,2010,Total,Overall (15-74),8.6
Finland,FIN,FI,True,2011,Female,Youth (15-24),18.4
Finland,FIN,FI,True,2011,Male,Youth (15-24),22.2
Finland,FIN,FI,True,2011,Total,Youth (15-24),20.3
Finland,FIN,FI,True,2011,Female,Overall (15-74),7.2
Finland,FIN,FI,True,2011,Male,Overall (15-74),8.7
Finland,FIN,FI,True,2011,Total,Overall (15-74),8.0
Finland,FIN,FI,True,2012,Female,Youth (15-24),18.2
Finland,FIN,FI,True,2012,Male,Youth (15-24),20.8
Finland,FIN,FI,True,2012,Total,Youth (15-24),19.5
Finland,FIN,FI,True,2012,Female,Overall (15-74),7.1
Finland,FIN,FI,True,2012,Male,Overall (15-74),8.6
Finland,FIN,FI,True,2012,Total,Overall (15-74),7.9
Finland,FIN,FI,True,2013,Female,Youth (15-24),17.4
Finland,FIN,FI,True,2013,Male,Youth (15-24),23.9
Finland,FIN,FI,True,2013,Total,Youth (15-24),20.6
Finland,FIN,FI,True,2013,Female,Overall (15-74),7.5
Finland,FIN,FI,True,2013,Male,Overall (15-74),9.1
Finland,FIN,FI,True,2013,Total,Overall (15-74),8.3
Finland,FIN,FI,True,2014,Female,Youth (15-24),17.9
Finland,FIN,FI,True,2014,Male,Youth (15-24),23.2
Finland,FIN,FI,True,2014,Total,Youth (15-24),20.5
Finland,FIN,FI,True,2014,Female,Overall (15-74),7.8
Finland,FIN,FI,True,2014,Male,Overall (15-74),9.6
Finland,FIN,FI,True,2014,Total,Overall (15-74),8.7
Finland,FIN,FI,True,2015,Female,Youth (15-24),19.1
Finland,FIN,FI,True,2015,Male,Youth (15-24),26.0
Finland,FIN,FI,True,2015,Total,Youth (15-24),22.5
Finland,FIN,FI,True,2015,Female,Overall (15-74),8.6
Finland,FIN,FI,True,2015,Male,Overall (15-74),10.2
Finland,FIN,FI,True,2015,Total,Overall (15-74),9.4
Finland,FIN,FI,True,2016,Female,Youth (15-24),18.9
Finland,FIN,FI,True,2016,Male,Youth (15-24),22.1
Finland,FIN,FI,True,2016,Total,Youth (15-24),20.5
Finland,FIN,FI,True,2016,Female,Overall (15-74),8.4
Finland,FIN,FI,True,2016,Male,Overall (15-74),9.4
Finland,FIN,FI,True,2016,Total,Overall (15-74),8.9
Finland,FIN,FI,True,2017,Female,Youth (15-24),19.1
Finland,FIN,FI,True,2017,Male,Youth (15-24),20.8
Finland,FIN,FI,True,2017,Total,Youth (15-24),20.0
Finland,FIN,FI,True,2017,Female,Overall (15-74),8.3
Finland,FIN,FI,True,2017,Male,Overall (15-74),9.1
Finland,FIN,FI,True,2017,Total,Overall (15-74),8.7
Finland,FIN,FI,True,2018,Female,Youth (15-24),17.0
Finland,FIN,FI,True,2018,Male,Youth (15-24),17.7
Finland,FIN,FI,True,2018,Total,Youth (15-24),17.3
Finland,FIN,FI,True,2018,Female,Overall (15-74),7.2
Finland,FIN,FI,True,2018,Male,Overall (15-74),7.7
Finland,FIN,FI,True,2018,Total,Overall (15-74),7.5
Finland,FIN,FI,True,2019,Female,Youth (15-24),15.9
Finland,FIN,FI,True,2019,Male,Youth (15-24),19.5
Finland,FIN,FI,True,2019,Total,Youth (15-24),17.7
Finland,FIN,FI,True,2019,Female,Overall (15-74),6.2
Finland,FIN,FI,True,2019,Male,Overall (15-74),7.3
Finland,FIN,FI,True,2019,Total,Overall (15-74),6.8
Finland,FIN,FI,True,2020,Female,Youth (15-24),19.2
Finland,FIN,FI,True,2020,Male,Youth (15-24),22.8
Finland,FIN,FI,True,2020,Total,Youth (15-24),21.0
Finland,FIN,FI,True,2020,Female,Overall (15-74),7.4
Finland,FIN,FI,True,2020,Male,Overall (15-74),8.1
Finland,FIN,FI,True,2020,Total,Overall (15-74),7.7
Finland,FIN,FI,True,2021,Female,Youth (15-24),16.4
Finland,FIN,FI,True,2021,Male,Youth (15-24),17.8
Finland,FIN,FI,True,2021,Total,Youth (15-24),17.1
Finland,FIN,FI,True,2021,Female,Overall (15-74),7.1
Finland,FIN,FI,True,2021,Male,Overall (15-74),8.2
Finland,FIN,FI,True,2021,Total,Overall (15-74),7.7
Finland,FIN,FI,True,2022,Female,Youth (15-24),14.0
Finland,FIN,FI,True,2022,Male,Youth (15-24),14.4
Finland,FIN,FI,True,2022,Total,Youth (15-24),14.2
Finland,FIN,FI,True,2022,Female,Overall (15-74),6.4
Finland,FIN,FI,True,2022,Male,Overall (15-74),7.1
Finland,FIN,FI,True,2022,Total,Overall (15-74),6.8
Finland,FIN,FI,True,2023,Female,Youth (15-24),15.4
Finland,FIN,FI,True,2023,Male,Youth (15-24),16.9
Finland,FIN,FI,True,2023,Total,Youth (15-24),16.2
Finland,FIN,FI,True,2023,Female,Overall (15-74),6.5
Finland,FIN,FI,True,2023,Male,Overall (15-74),7.9
Finland,FIN,FI,True,2023,Total,Overall (15-74),7.2
Finland,FIN,FI,True,2024,Female,Youth (15-24),18.0
Finland,FIN,FI,True,2024,Male,Youth (15-24),19.6
Finland,FIN,FI,True,2024,Total,Youth (15-24),18.8
Finland,FIN,FI,True,2024,Female,Overall (15-74),7.6
Finland,FIN,FI,True,2024,Male,Overall (15-74),9.2
Finland,FIN,FI,True,2024,Total,Overall (15-74),8.4
Finland,FIN,FI,True,2025,Female,Youth (15-24),21.8
Finland,FIN,FI,True,2025,Male,Youth (15-24),21.7
Finland,FIN,FI,True,2025,Total,Youth (15-24),21.8
Finland,FIN,FI,True,2025,Female,Overall (15-74),9.1
Finland,FIN,FI,True,2025,Male,Overall (15-74),10.2
Finland,FIN,FI,True,2025,Total,Overall (15-74),9.7
France,FRA,FR,True,2003,Female,Youth (15-24),22.7
France,FRA,FR,True,2003,Male,Youth (15-24),17.9
France,FRA,FR,True,2003,Total,Youth (15-24),20.1
France,FRA,FR,True,2003,Female,Overall (15-74),9.3
France,FRA,FR,True,2003,Male,Overall (15-74),7.8
France,FRA,FR,True,2003,Total,Overall (15-74),8.5
France,FRA,FR,True,2004,Female,Youth (15-24),24.7
France,FRA,FR,True,2004,Male,Youth (15-24),19.3
France,FRA,FR,True,2004,Total,Youth (15-24),21.7
France,FRA,FR,True,2004,Female,Overall (15-74),9.7
France,FRA,FR,True,2004,Male,Overall (15-74),8.2
France,FRA,FR,True,2004,Total,Overall (15-74),8.9
France,FRA,FR,True,2005,Female,Youth (15-24),25.7
France,FRA,FR,True,2005,Male,Youth (15-24),19.5
France,FRA,FR,True,2005,Total,Youth (15-24),22.3
France,FRA,FR,True,2005,Female,Overall (15-74),9.6
France,FRA,FR,True,2005,Male,Overall (15-74),8.2
France,FRA,FR,True,2005,Total,Overall (15-74),8.9
France,FRA,FR,True,2006,Female,Youth (15-24),27.2
France,FRA,FR,True,2006,Male,Youth (15-24),20.4
France,FRA,FR,True,2006,Total,Youth (15-24),23.5
France,FRA,FR,True,2006,Female,Overall (15-74),9.5
France,FRA,FR,True,2006,Male,Overall (15-74),8.3
France,FRA,FR,True,2006,Total,Overall (15-74),8.9
France,FRA,FR,True,2007,Female,Youth (15-24),23.8
France,FRA,FR,True,2007,Male,Youth (15-24),18.4
France,FRA,FR,True,2007,Total,Youth (15-24),20.8
France,FRA,FR,True,2007,Female,Overall (15-74),8.4
France,FRA,FR,True,2007,Male,Overall (15-74),7.6
France,FRA,FR,True,2007,Total,Overall (15-74),8.0
France,FRA,FR,True,2008,Female,Youth (15-24),22.3
France,FRA,FR,True,2008,Male,Youth (15-24),18.5
France,FRA,FR,True,2008,Total,Youth (15-24),20.2
France,FRA,FR,True,2008,Female,Overall (15-74),7.8
France,FRA,FR,True,2008,Male,Overall (15-74),7.1
France,FRA,FR,True,2008,Total,Overall (15-74),7.4
France,FRA,FR,True,2009,Female,Youth (15-24),26.5
France,FRA,FR,True,2009,Male,Youth (15-24),23.8
France,FRA,FR,True,2009,Total,Youth (15-24),25.0
France,FRA,FR,True,2009,Female,Overall (15-74),9.2
France,FRA,FR,True,2009,Male,Overall (15-74),9.0
France,FRA,FR,True,2009,Total,Overall (15-74),9.1
France,FRA,FR,True,2010,Female,Youth (15-24),27.8
France,FRA,FR,True,2010,Male,Youth (15-24),22.2
France,FRA,FR,True,2010,Total,Youth (15-24),24.7
France,FRA,FR,True,2010,Female,Overall (15-74),9.5
France,FRA,FR,True,2010,Male,Overall (15-74),9.1
France,FRA,FR,True,2010,Total,Overall (15-74),9.3
France,FRA,FR,True,2011,Female,Youth (15-24),27.3
France,FRA,FR,True,2011,Male,Youth (15-24),21.4
France,FRA,FR,True,2011,Total,Youth (15-24),24.1
France,FRA,FR,True,2011,Female,Overall (15-74),9.5
France,FRA,FR,True,2011,Male,Overall (15-74),8.9
France,FRA,FR,True,2011,Total,Overall (15-74),9.2
France,FRA,FR,True,2012,Female,Youth (15-24),27.9
France,FRA,FR,True,2012,Male,Youth (15-24),24.1
France,FRA,FR,True,2012,Total,Youth (15-24),25.8
France,FRA,FR,True,2012,Female,Overall (15-74),9.7
France,FRA,FR,True,2012,Male,Overall (15-74),9.8
France,FRA,FR,True,2012,Total,Overall (15-74),9.8
France,FRA,FR,True,2013,Female,Youth (15-24),29.5
France,FRA,FR,True,2013,Male,Youth (15-24),23.8
France,FRA,FR,True,2013,Total,Youth (15-24),26.4
France,FRA,FR,True,2013,Female,Overall (15-74),10.2
France,FRA,FR,True,2013,Male,Overall (15-74),10.4
France,FRA,FR,True,2013,Total,Overall (15-74),10.3
France,FRA,FR,True,2014,Female,Youth (15-24),27.2
France,FRA,FR,True,2014,Male,Youth (15-24),24.4
France,FRA,FR,True,2014,Total,Youth (15-24),25.7
France,FRA,FR,True,2014,Female,Overall (15-74),10.0
France,FRA,FR,True,2014,Male,Overall (15-74),10.6
France,FRA,FR,True,2014,Total,Overall (15-74),10.3
France,FRA,FR,True,2015,Female,Youth (15-24),27.4
France,FRA,FR,True,2015,Male,Youth (15-24),25.1
France,FRA,FR,True,2015,Total,Youth (15-24),26.1
France,FRA,FR,True,2015,Female,Overall (15-74),9.9
France,FRA,FR,True,2015,Male,Overall (15-74),10.8
France,FRA,FR,True,2015,Total,Overall (15-74),10.3
France,FRA,FR,True,2016,Female,Youth (15-24),28.0
France,FRA,FR,True,2016,Male,Youth (15-24),24.2
France,FRA,FR,True,2016,Total,Youth (15-24),26.0
France,FRA,FR,True,2016,Female,Overall (15-74),9.8
France,FRA,FR,True,2016,Male,Overall (15-74),10.3
France,FRA,FR,True,2016,Total,Overall (15-74),10.1
France,FRA,FR,True,2017,Female,Youth (15-24),24.9
France,FRA,FR,True,2017,Male,Youth (15-24),22.3
France,FRA,FR,True,2017,Total,Youth (15-24),23.5
France,FRA,FR,True,2017,Female,Overall (15-74),9.4
France,FRA,FR,True,2017,Male,Overall (15-74),9.5
France,FRA,FR,True,2017,Total,Overall (15-74),9.4
France,FRA,FR,True,2018,Female,Youth (15-24),23.5
France,FRA,FR,True,2018,Male,Youth (15-24),20.8
France,FRA,FR,True,2018,Total,Youth (15-24),22.0
France,FRA,FR,True,2018,Female,Overall (15-74),9.0
France,FRA,FR,True,2018,Male,Overall (15-74),9.0
France,FRA,FR,True,2018,Total,Overall (15-74),9.0
France,FRA,FR,True,2019,Female,Youth (15-24),21.6
France,FRA,FR,True,2019,Male,Youth (15-24),20.0
France,FRA,FR,True,2019,Total,Youth (15-24),20.7
France,FRA,FR,True,2019,Female,Overall (15-74),8.4
France,FRA,FR,True,2019,Male,Overall (15-74),8.5
France,FRA,FR,True,2019,Total,Overall (15-74),8.4
France,FRA,FR,True,2020,Female,Youth (15-24),23.5
France,FRA,FR,True,2020,Male,Youth (15-24),19.8
France,FRA,FR,True,2020,Total,Youth (15-24),21.5
France,FRA,FR,True,2020,Female,Overall (15-74),8.0
France,FRA,FR,True,2020,Male,Overall (15-74),8.1
France,FRA,FR,True,2020,Total,Overall (15-74),8.0
France,FRA,FR,True,2021,Female,Youth (15-24),18.8
France,FRA,FR,True,2021,Male,Youth (15-24),19.0
France,FRA,FR,True,2021,Total,Youth (15-24),18.9
France,FRA,FR,True,2021,Female,Overall (15-74),7.8
France,FRA,FR,True,2021,Male,Overall (15-74),8.0
France,FRA,FR,True,2021,Total,Overall (15-74),7.9
France,FRA,FR,True,2022,Female,Youth (15-24),16.0
France,FRA,FR,True,2022,Male,Youth (15-24),18.5
France,FRA,FR,True,2022,Total,Youth (15-24),17.3
France,FRA,FR,True,2022,Female,Overall (15-74),7.1
France,FRA,FR,True,2022,Male,Overall (15-74),7.5
France,FRA,FR,True,2022,Total,Overall (15-74),7.3
France,FRA,FR,True,2023,Female,Youth (15-24),16.1
France,FRA,FR,True,2023,Male,Youth (15-24),18.2
France,FRA,FR,True,2023,Total,Youth (15-24),17.2
France,FRA,FR,True,2023,Female,Overall (15-74),7.2
France,FRA,FR,True,2023,Male,Overall (15-74),7.5
France,FRA,FR,True,2023,Total,Overall (15-74),7.3
France,FRA,FR,True,2024,Female,Youth (15-24),18.4
France,FRA,FR,True,2024,Male,Youth (15-24),19.1
France,FRA,FR,True,2024,Total,Youth (15-24),18.8
France,FRA,FR,True,2024,Female,Overall (15-74),7.3
France,FRA,FR,True,2024,Male,Overall (15-74),7.6
France,FRA,FR,True,2024,Total,Overall (15-74),7.4
France,FRA,FR,True,2025,Female,Youth (15-24),19.6
France,FRA,FR,True,2025,Male,Youth (15-24),20.0
France,FRA,FR,True,2025,Total,Youth (15-24),19.8
France,FRA,FR,True,2025,Female,Overall (15-74),7.6
France,FRA,FR,True,2025,Male,Overall (15-74),7.8
France,FRA,FR,True,2025,Total,Overall (15-74),7.7
Germany,DEU,DE,True,2009,Female,Youth (15-24),10.5
Germany,DEU,DE,True,2009,Male,Youth (15-24),13.2
Germany,DEU,DE,True,2009,Total,Youth (15-24),11.9
Germany,DEU,DE,True,2009,Female,Overall (15-74),6.9
Germany,DEU,DE,True,2009,Male,Overall (15-74),7.7
Germany,DEU,DE,True,2009,Total,Overall (15-74),7.3
Germany,DEU,DE,True,2010,Female,Youth (15-24),9.4
Germany,DEU,DE,True,2010,Male,Youth (15-24),11.4
Germany,DEU,DE,True,2010,Total,Youth (15-24),10.5
Germany,DEU,DE,True,2010,Female,Overall (15-74),6.1
Germany,DEU,DE,True,2010,Male,Overall (15-74),7.0
Germany,DEU,DE,True,2010,Total,Overall (15-74),6.6
Germany,DEU,DE,True,2011,Female,Youth (15-24),8.4
Germany,DEU,DE,True,2011,Male,Youth (15-24),9.7
Germany,DEU,DE,True,2011,Total,Youth (15-24),9.1
Germany,DEU,DE,True,2011,Female,Overall (15-74),5.3
Germany,DEU,DE,True,2011,Male,Overall (15-74),5.7
Germany,DEU,DE,True,2011,Total,Overall (15-74),5.5
Germany,DEU,DE,True,2012,Female,Youth (15-24),7.8
Germany,DEU,DE,True,2012,Male,Youth (15-24),9.2
Germany,DEU,DE,True,2012,Total,Youth (15-24),8.6
Germany,DEU,DE,True,2012,Female,Overall (15-74),4.9
Germany,DEU,DE,True,2012,Male,Overall (15-74),5.3
Germany,DEU,DE,True,2012,Total,Overall (15-74),5.1
Germany,DEU,DE,True,2013,Female,Youth (15-24),7.6
Germany,DEU,DE,True,2013,Male,Youth (15-24),9.0
Germany,DEU,DE,True,2013,Total,Youth (15-24),8.3
Germany,DEU,DE,True,2013,Female,Overall (15-74),4.6
Germany,DEU,DE,True,2013,Male,Overall (15-74),5.2
Germany,DEU,DE,True,2013,Total,Overall (15-74),4.9
Germany,DEU,DE,True,2014,Female,Youth (15-24),7.6
Germany,DEU,DE,True,2014,Male,Youth (15-24),8.8
Germany,DEU,DE,True,2014,Total,Youth (15-24),8.2
Germany,DEU,DE,True,2014,Female,Overall (15-74),4.4
Germany,DEU,DE,True,2014,Male,Overall (15-74),5.0
Germany,DEU,DE,True,2014,Total,Overall (15-74),4.7
Germany,DEU,DE,True,2015,Female,Youth (15-24),6.9
Germany,DEU,DE,True,2015,Male,Youth (15-24),8.3
Germany,DEU,DE,True,2015,Total,Youth (15-24),7.7
Germany,DEU,DE,True,2015,Female,Overall (15-74),4.0
Germany,DEU,DE,True,2015,Male,Overall (15-74),4.7
Germany,DEU,DE,True,2015,Total,Overall (15-74),4.4
Germany,DEU,DE,True,2016,Female,Youth (15-24),6.6
Germany,DEU,DE,True,2016,Male,Youth (15-24),8.3
Germany,DEU,DE,True,2016,Total,Youth (15-24),7.5
Germany,DEU,DE,True,2016,Female,Overall (15-74),3.5
Germany,DEU,DE,True,2016,Male,Overall (15-74),4.2
Germany,DEU,DE,True,2016,Total,Overall (15-74),3.9
Germany,DEU,DE,True,2017,Female,Youth (15-24),6.2
Germany,DEU,DE,True,2017,Male,Youth (15-24),8.0
Germany,DEU,DE,True,2017,Total,Youth (15-24),7.2
Germany,DEU,DE,True,2017,Female,Overall (15-74),3.1
Germany,DEU,DE,True,2017,Male,Overall (15-74),3.9
Germany,DEU,DE,True,2017,Total,Overall (15-74),3.5
Germany,DEU,DE,True,2018,Female,Youth (15-24),5.5
Germany,DEU,DE,True,2018,Male,Youth (15-24),7.5
Germany,DEU,DE,True,2018,Total,Youth (15-24),6.6
Germany,DEU,DE,True,2018,Female,Overall (15-74),2.7
Germany,DEU,DE,True,2018,Male,Overall (15-74),3.6
Germany,DEU,DE,True,2018,Total,Overall (15-74),3.2
Germany,DEU,DE,True,2019,Female,Youth (15-24),5.1
Germany,DEU,DE,True,2019,Male,Youth (15-24),6.9
Germany,DEU,DE,True,2019,Total,Youth (15-24),6.1
Germany,DEU,DE,True,2019,Female,Overall (15-74),2.6
Germany,DEU,DE,True,2019,Male,Overall (15-74),3.3
Germany,DEU,DE,True,2019,Total,Overall (15-74),2.9
Germany,DEU,DE,True,2020,Female,Youth (15-24),7.3
Germany,DEU,DE,True,2020,Male,Youth (15-24),8.4
Germany,DEU,DE,True,2020,Total,Youth (15-24),7.9
Germany,DEU,DE,True,2020,Female,Overall (15-74),3.2
Germany,DEU,DE,True,2020,Male,Overall (15-74),4.0
Germany,DEU,DE,True,2020,Total,Overall (15-74),3.6
Germany,DEU,DE,True,2021,Female,Youth (15-24),6.5
Germany,DEU,DE,True,2021,Male,Youth (15-24),7.4
Germany,DEU,DE,True,2021,Total,Youth (15-24),7.0
Germany,DEU,DE,True,2021,Female,Overall (15-74),3.2
Germany,DEU,DE,True,2021,Male,Overall (15-74),3.9
Germany,DEU,DE,True,2021,Total,Overall (15-74),3.6
Germany,DEU,DE,True,2022,Female,Youth (15-24),5.5
Germany,DEU,DE,True,2022,Male,Youth (15-24),6.4
Germany,DEU,DE,True,2022,Total,Youth (15-24),6.0
Germany,DEU,DE,True,2022,Female,Overall (15-74),2.9
Germany,DEU,DE,True,2022,Male,Overall (15-74),3.4
Germany,DEU,DE,True,2022,Total,Overall (15-74),3.1
Germany,DEU,DE,True,2023,Female,Youth (15-24),5.3
Germany,DEU,DE,True,2023,Male,Youth (15-24),6.5
Germany,DEU,DE,True,2023,Total,Youth (15-24),5.9
Germany,DEU,DE,True,2023,Female,Overall (15-74),2.8
Germany,DEU,DE,True,2023,Male,Overall (15-74),3.3
Germany,DEU,DE,True,2023,Total,Overall (15-74),3.1
Germany,DEU,DE,True,2024,Female,Youth (15-24),5.9
Germany,DEU,DE,True,2024,Male,Youth (15-24),7.2
Germany,DEU,DE,True,2024,Total,Youth (15-24),6.6
Germany,DEU,DE,True,2024,Female,Overall (15-74),3.2
Germany,DEU,DE,True,2024,Male,Overall (15-74),3.7
Germany,DEU,DE,True,2024,Total,Overall (15-74),3.5
Germany,DEU,DE,True,2025,Female,Youth (15-24),6.6
Germany,DEU,DE,True,2025,Male,Youth (15-24),7.6
Germany,DEU,DE,True,2025,Total,Youth (15-24),7.1
Germany,DEU,DE,True,2025,Female,Overall (15-74),3.5
Germany,DEU,DE,True,2025,Male,Overall (15-74),4.2
Germany,DEU,DE,True,2025,Total,Overall (15-74),3.8
Greece,GRC,EL,True,2009,Female,Youth (15-24),33.6
Greece,GRC,EL,True,2009,Male,Youth (15-24),20.1
Greece,GRC,EL,True,2009,Total,Youth (15-24),26.1
Greece,GRC,EL,True,2009,Female,Overall (15-74),13.5
Greece,GRC,EL,True,2009,Male,Overall (15-74),7.1
Greece,GRC,EL,True,2009,Total,Overall (15-74),9.8
Greece,GRC,EL,True,2010,Female,Youth (15-24),41.1
Greece,GRC,EL,True,2010,Male,Youth (15-24),27.6
Greece,GRC,EL,True,2010,Total,Youth (15-24),33.6
Greece,GRC,EL,True,2010,Female,Overall (15-74),16.7
Greece,GRC,EL,True,2010,Male,Overall (15-74),10.2
Greece,GRC,EL,True,2010,Total,Overall (15-74),12.9
Greece,GRC,EL,True,2011,Female,Youth (15-24),52.1
Greece,GRC,EL,True,2011,Male,Youth (15-24),39.4
Greece,GRC,EL,True,2011,Total,Youth (15-24),45.2
Greece,GRC,EL,True,2011,Female,Overall (15-74),21.8
Greece,GRC,EL,True,2011,Male,Overall (15-74),15.3
Greece,GRC,EL,True,2011,Total,Overall (15-74),18.1
Greece,GRC,EL,True,2012,Female,Youth (15-24),63.4
Greece,GRC,EL,True,2012,Male,Youth (15-24),49.4
Greece,GRC,EL,True,2012,Total,Youth (15-24),55.9
Greece,GRC,EL,True,2012,Female,Overall (15-74),28.6
Greece,GRC,EL,True,2012,Male,Overall (15-74),21.9
Greece,GRC,EL,True,2012,Total,Overall (15-74),24.8
Greece,GRC,EL,True,2013,Female,Youth (15-24),64.6
Greece,GRC,EL,True,2013,Male,Youth (15-24),54.9
Greece,GRC,EL,True,2013,Total,Youth (15-24),59.2
Greece,GRC,EL,True,2013,Female,Overall (15-74),31.7
Greece,GRC,EL,True,2013,Male,Overall (15-74),24.8
Greece,GRC,EL,True,2013,Total,Overall (15-74),27.8
Greece,GRC,EL,True,2014,Female,Youth (15-24),58.5
Greece,GRC,EL,True,2014,Male,Youth (15-24),48.1
Greece,GRC,EL,True,2014,Total,Youth (15-24),53.0
Greece,GRC,EL,True,2014,Female,Overall (15-74),30.4
Greece,GRC,EL,True,2014,Male,Overall (15-74),23.7
Greece,GRC,EL,True,2014,Total,Overall (15-74),26.6
Greece,GRC,EL,True,2015,Female,Youth (15-24),54.8
Greece,GRC,EL,True,2015,Male,Youth (15-24),46.5
Greece,GRC,EL,True,2015,Total,Youth (15-24),50.3
Greece,GRC,EL,True,2015,Female,Overall (15-74),29.0
Greece,GRC,EL,True,2015,Male,Overall (15-74),21.8
Greece,GRC,EL,True,2015,Total,Overall (15-74),25.0
Greece,GRC,EL,True,2016,Female,Youth (15-24),52.1
Greece,GRC,EL,True,2016,Male,Youth (15-24),44.8
Greece,GRC,EL,True,2016,Total,Youth (15-24),48.2
Greece,GRC,EL,True,2016,Female,Overall (15-74),28.5
Greece,GRC,EL,True,2016,Male,Overall (15-74),20.2
Greece,GRC,EL,True,2016,Total,Overall (15-74),23.9
Greece,GRC,EL,True,2017,Female,Youth (15-24),49.0
Greece,GRC,EL,True,2017,Male,Youth (15-24),40.5
Greece,GRC,EL,True,2017,Total,Youth (15-24),44.5
Greece,GRC,EL,True,2017,Female,Overall (15-74),26.4
Greece,GRC,EL,True,2017,Male,Overall (15-74),18.2
Greece,GRC,EL,True,2017,Total,Overall (15-74),21.8
Greece,GRC,EL,True,2018,Female,Youth (15-24),45.4
Greece,GRC,EL,True,2018,Male,Youth (15-24),37.7
Greece,GRC,EL,True,2018,Total,Youth (15-24),41.2
Greece,GRC,EL,True,2018,Female,Overall (15-74),24.7
Greece,GRC,EL,True,2018,Male,Overall (15-74),15.8
Greece,GRC,EL,True,2018,Total,Overall (15-74),19.7
Greece,GRC,EL,True,2019,Female,Youth (15-24),41.0
Greece,GRC,EL,True,2019,Male,Youth (15-24),34.5
Greece,GRC,EL,True,2019,Total,Youth (15-24),37.5
Greece,GRC,EL,True,2019,Female,Overall (15-74),22.4
Greece,GRC,EL,True,2019,Male,Overall (15-74),14.4
Greece,GRC,EL,True,2019,Total,Overall (15-74),17.9
Greece,GRC,EL,True,2020,Female,Youth (15-24),42.8
Greece,GRC,EL,True,2020,Male,Youth (15-24),34.2
Greece,GRC,EL,True,2020,Total,Youth (15-24),38.0
Greece,GRC,EL,True,2020,Female,Overall (15-74),21.5
Greece,GRC,EL,True,2020,Male,Overall (15-74),14.6
Greece,GRC,EL,True,2020,Total,Overall (15-74),17.6
Greece,GRC,EL,True,2021,Female,Youth (15-24),40.9
Greece,GRC,EL,True,2021,Male,Youth (15-24),31.1
Greece,GRC,EL,True,2021,Total,Youth (15-24),35.5
Greece,GRC,EL,True,2021,Female,Overall (15-74),18.9
Greece,GRC,EL,True,2021,Male,Overall (15-74),11.4
Greece,GRC,EL,True,2021,Total,Overall (15-74),14.7
Greece,GRC,EL,True,2022,Female,Youth (15-24),38.8
Greece,GRC,EL,True,2022,Male,Youth (15-24),25.1
Greece,GRC,EL,True,2022,Total,Youth (15-24),31.4
Greece,GRC,EL,True,2022,Female,Overall (15-74),16.4
Greece,GRC,EL,True,2022,Male,Overall (15-74),9.3
Greece,GRC,EL,True,2022,Total,Overall (15-74),12.5
Greece,GRC,EL,True,2023,Female,Youth (15-24),29.4
Greece,GRC,EL,True,2023,Male,Youth (15-24),24.4
Greece,GRC,EL,True,2023,Total,Youth (15-24),26.7
Greece,GRC,EL,True,2023,Female,Overall (15-74),14.3
Greece,GRC,EL,True,2023,Male,Overall (15-74),8.5
Greece,GRC,EL,True,2023,Total,Overall (15-74),11.1
Greece,GRC,EL,True,2024,Female,Youth (15-24),24.1
Greece,GRC,EL,True,2024,Male,Youth (15-24),21.1
Greece,GRC,EL,True,2024,Total,Youth (15-24),22.5
Greece,GRC,EL,True,2024,Female,Overall (15-74),12.8
Greece,GRC,EL,True,2024,Male,Overall (15-74),8.0
Greece,GRC,EL,True,2024,Total,Overall (15-74),10.1
Greece,GRC,EL,True,2025,Female,Youth (15-24),20.8
Greece,GRC,EL,True,2025,Male,Youth (15-24),17.7
Greece,GRC,EL,True,2025,Total,Youth (15-24),19.1
Greece,GRC,EL,True,2025,Female,Overall (15-74),11.2
Greece,GRC,EL,True,2025,Male,Overall (15-74),7.0
Greece,GRC,EL,True,2025,Total,Overall (15-74),8.9
Hungary,HUN,HU,True,2009,Female,Youth (15-24),23.3
Hungary,HUN,HU,True,2009,Male,Youth (15-24),27.8
Hungary,HUN,HU,True,2009,Total,Youth (15-24),25.8
Hungary,HUN,HU,True,2009,Female,Overall (15-74),9.0
Hungary,HUN,HU,True,2009,Male,Overall (15-74),10.3
Hungary,HUN,HU,True,2009,Total,Overall (15-74),9.7
Hungary,HUN,HU,True,2010,Female,Youth (15-24),23.5
Hungary,HUN,HU,True,2010,Male,Youth (15-24),27.7
Hungary,HUN,HU,True,2010,Total,Youth (15-24),25.9
Hungary,HUN,HU,True,2010,Female,Overall (15-74),9.9
Hungary,HUN,HU,True,2010,Male,Overall (15-74),11.6
Hungary,HUN,HU,True,2010,Total,Overall (15-74),10.8
Hungary,HUN,HU,True,2011,Female,Youth (15-24),23.5
Hungary,HUN,HU,True,2011,Male,Youth (15-24),27.0
Hungary,HUN,HU,True,2011,Total,Youth (15-24),25.4
Hungary,HUN,HU,True,2011,Female,Overall (15-74),10.2
Hungary,HUN,HU,True,2011,Male,Overall (15-74),11.1
Hungary,HUN,HU,True,2011,Total,Overall (15-74),10.7
Hungary,HUN,HU,True,2012,Female,Youth (15-24),26.3
Hungary,HUN,HU,True,2012,Male,Youth (15-24),29.1
Hungary,HUN,HU,True,2012,Total,Youth (15-24),27.8
Hungary,HUN,HU,True,2012,Female,Overall (15-74),9.9
Hungary,HUN,HU,True,2012,Male,Overall (15-74),11.3
Hungary,HUN,HU,True,2012,Total,Overall (15-74),10.7
Hungary,HUN,HU,True,2013,Female,Youth (15-24),26.8
Hungary,HUN,HU,True,2013,Male,Youth (15-24),25.6
Hungary,HUN,HU,True,2013,Total,Youth (15-24),26.1
Hungary,HUN,HU,True,2013,Female,Overall (15-74),9.5
Hungary,HUN,HU,True,2013,Male,Overall (15-74),10.2
Hungary,HUN,HU,True,2013,Total,Overall (15-74),9.8
Hungary,HUN,HU,True,2014,Female,Youth (15-24),20.2
Hungary,HUN,HU,True,2014,Male,Youth (15-24),20.0
Hungary,HUN,HU,True,2014,Total,Youth (15-24),20.1
Hungary,HUN,HU,True,2014,Female,Overall (15-74),7.5
Hungary,HUN,HU,True,2014,Male,Overall (15-74),7.6
Hungary,HUN,HU,True,2014,Total,Overall (15-74),7.5
Hungary,HUN,HU,True,2015,Female,Youth (15-24),15.5
Hungary,HUN,HU,True,2015,Male,Youth (15-24),18.3
Hungary,HUN,HU,True,2015,Total,Youth (15-24),17.1
Hungary,HUN,HU,True,2015,Female,Overall (15-74),6.6
Hungary,HUN,HU,True,2015,Male,Overall (15-74),6.6
Hungary,HUN,HU,True,2015,Total,Overall (15-74),6.6
Hungary,HUN,HU,True,2016,Female,Youth (15-24),12.4
Hungary,HUN,HU,True,2016,Male,Youth (15-24),12.9
Hungary,HUN,HU,True,2016,Total,Youth (15-24),12.7
Hungary,HUN,HU,True,2016,Female,Overall (15-74),4.8
Hungary,HUN,HU,True,2016,Male,Overall (15-74),5.1
Hungary,HUN,HU,True,2016,Total,Overall (15-74),5.0
Hungary,HUN,HU,True,2017,Female,Youth (15-24),11.5
Hungary,HUN,HU,True,2017,Male,Youth (15-24),9.7
Hungary,HUN,HU,True,2017,Total,Youth (15-24),10.5
Hungary,HUN,HU,True,2017,Female,Overall (15-74),4.3
Hungary,HUN,HU,True,2017,Male,Overall (15-74),3.8
Hungary,HUN,HU,True,2017,Total,Overall (15-74),4.0
Hungary,HUN,HU,True,2018,Female,Youth (15-24),10.0
Hungary,HUN,HU,True,2018,Male,Youth (15-24),9.8
Hungary,HUN,HU,True,2018,Total,Youth (15-24),9.9
Hungary,HUN,HU,True,2018,Female,Overall (15-74),3.7
Hungary,HUN,HU,True,2018,Male,Overall (15-74),3.4
Hungary,HUN,HU,True,2018,Total,Overall (15-74),3.6
Hungary,HUN,HU,True,2019,Female,Youth (15-24),10.6
Hungary,HUN,HU,True,2019,Male,Youth (15-24),11.9
Hungary,HUN,HU,True,2019,Total,Youth (15-24),11.4
Hungary,HUN,HU,True,2019,Female,Overall (15-74),3.3
Hungary,HUN,HU,True,2019,Male,Overall (15-74),3.3
Hungary,HUN,HU,True,2019,Total,Overall (15-74),3.3
Hungary,HUN,HU,True,2020,Female,Youth (15-24),13.5
Hungary,HUN,HU,True,2020,Male,Youth (15-24),12.1
Hungary,HUN,HU,True,2020,Total,Youth (15-24),12.7
Hungary,HUN,HU,True,2020,Female,Overall (15-74),4.1
Hungary,HUN,HU,True,2020,Male,Overall (15-74),4.1
Hungary,HUN,HU,True,2020,Total,Overall (15-74),4.1
Hungary,HUN,HU,True,2021,Female,Youth (15-24),15.6
Hungary,HUN,HU,True,2021,Male,Youth (15-24),12.2
Hungary,HUN,HU,True,2021,Total,Youth (15-24),13.6
Hungary,HUN,HU,True,2021,Female,Overall (15-74),4.2
Hungary,HUN,HU,True,2021,Male,Overall (15-74),3.9
Hungary,HUN,HU,True,2021,Total,Overall (15-74),4.0
Hungary,HUN,HU,True,2022,Female,Youth (15-24),9.6
Hungary,HUN,HU,True,2022,Male,Youth (15-24),11.4
Hungary,HUN,HU,True,2022,Total,Youth (15-24),10.6
Hungary,HUN,HU,True,2022,Female,Overall (15-74),3.5
Hungary,HUN,HU,True,2022,Male,Overall (15-74),3.7
Hungary,HUN,HU,True,2022,Total,Overall (15-74),3.6
Hungary,HUN,HU,True,2023,Female,Youth (15-24),12.3
Hungary,HUN,HU,True,2023,Male,Youth (15-24),13.2
Hungary,HUN,HU,True,2023,Total,Youth (15-24),12.8
Hungary,HUN,HU,True,2023,Female,Overall (15-74),4.2
Hungary,HUN,HU,True,2023,Male,Overall (15-74),4.1
Hungary,HUN,HU,True,2023,Total,Overall (15-74),4.1
Hungary,HUN,HU,True,2024,Female,Youth (15-24),14.8
Hungary,HUN,HU,True,2024,Male,Youth (15-24),15.4
Hungary,HUN,HU,True,2024,Total,Youth (15-24),15.2
Hungary,HUN,HU,True,2024,Female,Overall (15-74),4.4
Hungary,HUN,HU,True,2024,Male,Overall (15-74),4.6
Hungary,HUN,HU,True,2024,Total,Overall (15-74),4.5
Hungary,HUN,HU,True,2025,Female,Youth (15-24),13.9
Hungary,HUN,HU,True,2025,Male,Youth (15-24),13.9
Hungary,HUN,HU,True,2025,Total,Youth (15-24),13.9
Hungary,HUN,HU,True,2025,Female,Overall (15-74),4.3
Hungary,HUN,HU,True,2025,Male,Overall (15-74),4.6
Hungary,HUN,HU,True,2025,Total,Overall (15-74),4.4
Iceland,ISL,IS,False,2009,Female,Youth (15-24),12.0
Iceland,ISL,IS,False,2009,Male,Youth (15-24),19.7
Iceland,ISL,IS,False,2009,Total,Youth (15-24),15.9
Iceland,ISL,IS,False,2009,Female,Overall (15-74),5.7
Iceland,ISL,IS,False,2009,Male,Overall (15-74),8.6
Iceland,ISL,IS,False,2009,Total,Overall (15-74),7.2
Iceland,ISL,IS,False,2010,Female,Youth (15-24),14.1
Iceland,ISL,IS,False,2010,Male,Youth (15-24),18.4
Iceland,ISL,IS,False,2010,Total,Youth (15-24),16.2
Iceland,ISL,IS,False,2010,Female,Overall (15-74),6.7
Iceland,ISL,IS,False,2010,Male,Overall (15-74),8.3
Iceland,ISL,IS,False,2010,Total,Overall (15-74),7.6
Iceland,ISL,IS,False,2011,Female,Youth (15-24),10.7
Iceland,ISL,IS,False,2011,Male,Youth (15-24),18.2
Iceland,ISL,IS,False,2011,Total,Youth (15-24),14.4
Iceland,ISL,IS,False,2011,Female,Overall (15-74),6.2
Iceland,ISL,IS,False,2011,Male,Overall (15-74),7.8
Iceland,ISL,IS,False,2011,Total,Overall (15-74),7.0
Iceland,ISL,IS,False,2012,Female,Youth (15-24),12.3
Iceland,ISL,IS,False,2012,Male,Youth (15-24),14.7
Iceland,ISL,IS,False,2012,Total,Youth (15-24),13.5
Iceland,ISL,IS,False,2012,Female,Overall (15-74),5.7
Iceland,ISL,IS,False,2012,Male,Overall (15-74),6.3
Iceland,ISL,IS,False,2012,Total,Overall (15-74),6.0
Iceland,ISL,IS,False,2013,Female,Youth (15-24),7.7
Iceland,ISL,IS,False,2013,Male,Youth (15-24),13.6
Iceland,ISL,IS,False,2013,Total,Youth (15-24),10.6
Iceland,ISL,IS,False,2013,Female,Overall (15-74),5.1
Iceland,ISL,IS,False,2013,Male,Overall (15-74),5.6
Iceland,ISL,IS,False,2013,Total,Overall (15-74),5.4
Iceland,ISL,IS,False,2014,Female,Youth (15-24),6.6
Iceland,ISL,IS,False,2014,Male,Youth (15-24),12.9
Iceland,ISL,IS,False,2014,Total,Youth (15-24),9.8
Iceland,ISL,IS,False,2014,Female,Overall (15-74),4.8
Iceland,ISL,IS,False,2014,Male,Overall (15-74),5.0
Iceland,ISL,IS,False,2014,Total,Overall (15-74),4.9
Iceland,ISL,IS,False,2015,Female,Youth (15-24),6.7
Iceland,ISL,IS,False,2015,Male,Youth (15-24),10.9
Iceland,ISL,IS,False,2015,Total,Youth (15-24),8.8
Iceland,ISL,IS,False,2015,Female,Overall (15-74),4.1
Iceland,ISL,IS,False,2015,Male,Overall (15-74),3.9
Iceland,ISL,IS,False,2015,Total,Overall (15-74),4.0
Iceland,ISL,IS,False,2016,Female,Youth (15-24),6.4
Iceland,ISL,IS,False,2016,Male,Youth (15-24),6.7
Iceland,ISL,IS,False,2016,Total,Youth (15-24),6.5
Iceland,ISL,IS,False,2016,Female,Overall (15-74),3.0
Iceland,ISL,IS,False,2016,Male,Overall (15-74),2.9
Iceland,ISL,IS,False,2016,Total,Overall (15-74),3.0
Iceland,ISL,IS,False,2017,Female,Youth (15-24),7.1
Iceland,ISL,IS,False,2017,Male,Youth (15-24),8.6
Iceland,ISL,IS,False,2017,Total,Youth (15-24),7.9
Iceland,ISL,IS,False,2017,Female,Overall (15-74),2.7
Iceland,ISL,IS,False,2017,Male,Overall (15-74),2.8
Iceland,ISL,IS,False,2017,Total,Overall (15-74),2.7
Iceland,ISL,IS,False,2018,Female,Youth (15-24),5.6
Iceland,ISL,IS,False,2018,Male,Youth (15-24),6.5
Iceland,ISL,IS,False,2018,Total,Youth (15-24),6.1
Iceland,ISL,IS,False,2018,Female,Overall (15-74),2.5
Iceland,ISL,IS,False,2018,Male,Overall (15-74),2.8
Iceland,ISL,IS,False,2018,Total,Overall (15-74),2.7
Iceland,ISL,IS,False,2019,Female,Youth (15-24),5.6
Iceland,ISL,IS,False,2019,Male,Youth (15-24),11.8
Iceland,ISL,IS,False,2019,Total,Youth (15-24),8.7
Iceland,ISL,IS,False,2019,Female,Overall (15-74),3.1
Iceland,ISL,IS,False,2019,Male,Overall (15-74),3.8
Iceland,ISL,IS,False,2019,Total,Overall (15-74),3.5
Iceland,ISL,IS,False,2020,Female,Youth (15-24),9.0
Iceland,ISL,IS,False,2020,Male,Youth (15-24),11.1
Iceland,ISL,IS,False,2020,Total,Youth (15-24),10.0
Iceland,ISL,IS,False,2020,Female,Overall (15-74),5.3
Iceland,ISL,IS,False,2020,Male,Overall (15-74),5.6
Iceland,ISL,IS,False,2020,Total,Overall (15-74),5.5
Iceland,ISL,IS,False,2021,Female,Youth (15-24),10.9
Iceland,ISL,IS,False,2021,Male,Youth (15-24),13.2
Iceland,ISL,IS,False,2021,Total,Youth (15-24),12.1
Iceland,ISL,IS,False,2021,Female,Overall (15-74),6.4
Iceland,ISL,IS,False,2021,Male,Overall (15-74),5.8
Iceland,ISL,IS,False,2021,Total,Overall (15-74),6.1
Iceland,ISL,IS,False,2022,Female,Youth (15-24),5.6
Iceland,ISL,IS,False,2022,Male,Youth (15-24),11.6
Iceland,ISL,IS,False,2022,Total,Youth (15-24),8.7
Iceland,ISL,IS,False,2022,Female,Overall (15-74),3.4
Iceland,ISL,IS,False,2022,Male,Overall (15-74),4.2
Iceland,ISL,IS,False,2022,Total,Overall (15-74),3.8
Iceland,ISL,IS,False,2023,Female,Youth (15-24),7.2
Iceland,ISL,IS,False,2023,Male,Youth (15-24),10.2
Iceland,ISL,IS,False,2023,Total,Youth (15-24),8.8
Iceland,ISL,IS,False,2023,Female,Overall (15-74),3.1
Iceland,ISL,IS,False,2023,Male,Overall (15-74),3.9
Iceland,ISL,IS,False,2023,Total,Overall (15-74),3.5
Iceland,ISL,IS,False,2024,Female,Youth (15-24),9.4
Iceland,ISL,IS,False,2024,Male,Youth (15-24),8.8
Iceland,ISL,IS,False,2024,Total,Youth (15-24),9.1
Iceland,ISL,IS,False,2024,Female,Overall (15-74),3.3
Iceland,ISL,IS,False,2024,Male,Overall (15-74),3.8
Iceland,ISL,IS,False,2024,Total,Overall (15-74),3.6
Iceland,ISL,IS,False,2025,Female,Youth (15-24),10.2
Iceland,ISL,IS,False,2025,Male,Youth (15-24),8.8
Iceland,ISL,IS,False,2025,Total,Youth (15-24),9.5
Iceland,ISL,IS,False,2025,Female,Overall (15-74),4.4
Iceland,ISL,IS,False,2025,Male,Overall (15-74),4.5
Iceland,ISL,IS,False,2025,Total,Overall (15-74),4.5
Ireland,IRL,IE,True,2009,Female,Youth (15-24),16.8
Ireland,IRL,IE,True,2009,Male,Youth (15-24),31.5
Ireland,IRL,IE,True,2009,Total,Youth (15-24),24.5
Ireland,IRL,IE,True,2009,Female,Overall (15-74),9.5
Ireland,IRL,IE,True,2009,Male,Overall (15-74),15.1
Ireland,IRL,IE,True,2009,Total,Overall (15-74),12.6
Ireland,IRL,IE,True,2010,Female,Youth (15-24),20.9
Ireland,IRL,IE,True,2010,Male,Youth (15-24),34.7
Ireland,IRL,IE,True,2010,Total,Youth (15-24),28.1
Ireland,IRL,IE,True,2010,Female,Overall (15-74),11.4
Ireland,IRL,IE,True,2010,Male,Overall (15-74),17.1
Ireland,IRL,IE,True,2010,Total,Overall (15-74),14.6
Ireland,IRL,IE,True,2011,Female,Youth (15-24),22.3
Ireland,IRL,IE,True,2011,Male,Youth (15-24),36.1
Ireland,IRL,IE,True,2011,Total,Youth (15-24),29.6
Ireland,IRL,IE,True,2011,Female,Overall (15-74),12.5
Ireland,IRL,IE,True,2011,Male,Overall (15-74),17.8
Ireland,IRL,IE,True,2011,Total,Overall (15-74),15.4
Ireland,IRL,IE,True,2012,Female,Youth (15-24),23.5
Ireland,IRL,IE,True,2012,Male,Youth (15-24),37.4
Ireland,IRL,IE,True,2012,Total,Youth (15-24),30.8
Ireland,IRL,IE,True,2012,Female,Overall (15-74),12.8
Ireland,IRL,IE,True,2012,Male,Overall (15-74),17.8
Ireland,IRL,IE,True,2012,Total,Overall (15-74),15.5
Ireland,IRL,IE,True,2013,Female,Youth (15-24),22.8
Ireland,IRL,IE,True,2013,Male,Youth (15-24),30.3
Ireland,IRL,IE,True,2013,Total,Youth (15-24),26.7
Ireland,IRL,IE,True,2013,Female,Overall (15-74),12.4
Ireland,IRL,IE,True,2013,Male,Overall (15-74),14.9
Ireland,IRL,IE,True,2013,Total,Overall (15-74),13.8
Ireland,IRL,IE,True,2014,Female,Youth (15-24),19.8
Ireland,IRL,IE,True,2014,Male,Youth (15-24),26.6
Ireland,IRL,IE,True,2014,Total,Youth (15-24),23.4
Ireland,IRL,IE,True,2014,Female,Overall (15-74),10.9
Ireland,IRL,IE,True,2014,Male,Overall (15-74),12.7
Ireland,IRL,IE,True,2014,Total,Overall (15-74),11.9
Ireland,IRL,IE,True,2015,Female,Youth (15-24),16.3
Ireland,IRL,IE,True,2015,Male,Youth (15-24),23.5
Ireland,IRL,IE,True,2015,Total,Youth (15-24),20.2
Ireland,IRL,IE,True,2015,Female,Overall (15-74),8.9
Ireland,IRL,IE,True,2015,Male,Overall (15-74),10.8
Ireland,IRL,IE,True,2015,Total,Overall (15-74),9.9
Ireland,IRL,IE,True,2016,Female,Youth (15-24),13.6
Ireland,IRL,IE,True,2016,Male,Youth (15-24),19.7
Ireland,IRL,IE,True,2016,Total,Youth (15-24),16.8
Ireland,IRL,IE,True,2016,Female,Overall (15-74),7.6
Ireland,IRL,IE,True,2016,Male,Overall (15-74),9.1
Ireland,IRL,IE,True,2016,Total,Overall (15-74),8.4
Ireland,IRL,IE,True,2017,Female,Youth (15-24),12.6
Ireland,IRL,IE,True,2017,Male,Youth (15-24),16.0
Ireland,IRL,IE,True,2017,Total,Youth (15-24),14.4
Ireland,IRL,IE,True,2017,Female,Overall (15-74),6.3
Ireland,IRL,IE,True,2017,Male,Overall (15-74),7.1
Ireland,IRL,IE,True,2017,Total,Overall (15-74),6.7
Ireland,IRL,IE,True,2018,Female,Youth (15-24),12.6
Ireland,IRL,IE,True,2018,Male,Youth (15-24),14.8
Ireland,IRL,IE,True,2018,Total,Youth (15-24),13.8
Ireland,IRL,IE,True,2018,Female,Overall (15-74),5.7
Ireland,IRL,IE,True,2018,Male,Overall (15-74),5.8
Ireland,IRL,IE,True,2018,Total,Overall (15-74),5.8
Ireland,IRL,IE,True,2019,Female,Youth (15-24),10.6
Ireland,IRL,IE,True,2019,Male,Youth (15-24),14.2
Ireland,IRL,IE,True,2019,Total,Youth (15-24),12.5
Ireland,IRL,IE,True,2019,Female,Overall (15-74),4.7
Ireland,IRL,IE,True,2019,Male,Overall (15-74),5.2
Ireland,IRL,IE,True,2019,Total,Overall (15-74),5.0
Ireland,IRL,IE,True,2020,Female,Youth (15-24),15.8
Ireland,IRL,IE,True,2020,Male,Youth (15-24),15.9
Ireland,IRL,IE,True,2020,Total,Youth (15-24),15.8
Ireland,IRL,IE,True,2020,Female,Overall (15-74),5.9
Ireland,IRL,IE,True,2020,Male,Overall (15-74),5.8
Ireland,IRL,IE,True,2020,Total,Overall (15-74),5.9
Ireland,IRL,IE,True,2021,Female,Youth (15-24),14.6
Ireland,IRL,IE,True,2021,Male,Youth (15-24),14.5
Ireland,IRL,IE,True,2021,Total,Youth (15-24),14.6
Ireland,IRL,IE,True,2021,Female,Overall (15-74),6.1
Ireland,IRL,IE,True,2021,Male,Overall (15-74),6.3
Ireland,IRL,IE,True,2021,Total,Overall (15-74),6.2
Ireland,IRL,IE,True,2022,Female,Youth (15-24),9.9
Ireland,IRL,IE,True,2022,Male,Youth (15-24),10.2
Ireland,IRL,IE,True,2022,Total,Youth (15-24),10.1
Ireland,IRL,IE,True,2022,Female,Overall (15-74),4.6
Ireland,IRL,IE,True,2022,Male,Overall (15-74),4.4
Ireland,IRL,IE,True,2022,Total,Overall (15-74),4.5
Ireland,IRL,IE,True,2023,Female,Youth (15-24),10.6
Ireland,IRL,IE,True,2023,Male,Youth (15-24),10.7
Ireland,IRL,IE,True,2023,Total,Youth (15-24),10.7
Ireland,IRL,IE,True,2023,Female,Overall (15-74),4.2
Ireland,IRL,IE,True,2023,Male,Overall (15-74),4.4
Ireland,IRL,IE,True,2023,Total,Overall (15-74),4.3
Ireland,IRL,IE,True,2024,Female,Youth (15-24),10.3
Ireland,IRL,IE,True,2024,Male,Youth (15-24),10.9
Ireland,IRL,IE,True,2024,Total,Youth (15-24),10.6
Ireland,IRL,IE,True,2024,Female,Overall (15-74),4.3
Ireland,IRL,IE,True,2024,Male,Overall (15-74),4.3
Ireland,IRL,IE,True,2024,Total,Overall (15-74),4.3
Ireland,IRL,IE,True,2025,Female,Youth (15-24),11.7
Ireland,IRL,IE,True,2025,Male,Youth (15-24),11.8
Ireland,IRL,IE,True,2025,Total,Youth (15-24),11.8
Ireland,IRL,IE,True,2025,Female,Overall (15-74),4.6
Ireland,IRL,IE,True,2025,Male,Overall (15-74),4.7
Ireland,IRL,IE,True,2025,Total,Overall (15-74),4.7
Italy,ITA,IT,True,2009,Female,Youth (15-24),28.6
Italy,ITA,IT,True,2009,Male,Youth (15-24),23.3
Italy,ITA,IT,True,2009,Total,Youth (15-24),25.4
Italy,ITA,IT,True,2009,Female,Overall (15-74),9.3
Italy,ITA,IT,True,2009,Male,Overall (15-74),6.9
Italy,ITA,IT,True,2009,Total,Overall (15-74),7.9
Italy,ITA,IT,True,2010,Female,Youth (15-24),29.4
Italy,ITA,IT,True,2010,Male,Youth (15-24),27.0
Italy,ITA,IT,True,2010,Total,Youth (15-24),28.0
Italy,ITA,IT,True,2010,Female,Overall (15-74),9.7
Italy,ITA,IT,True,2010,Male,Overall (15-74),7.7
Italy,ITA,IT,True,2010,Total,Overall (15-74),8.5
Italy,ITA,IT,True,2011,Female,Youth (15-24),32.2
Italy,ITA,IT,True,2011,Male,Youth (15-24),27.1
Italy,ITA,IT,True,2011,Total,Youth (15-24),29.2
Italy,ITA,IT,True,2011,Female,Overall (15-74),9.7
Italy,ITA,IT,True,2011,Male,Overall (15-74),7.7
Italy,ITA,IT,True,2011,Total,Overall (15-74),8.5
Italy,ITA,IT,True,2012,Female,Youth (15-24),37.6
Italy,ITA,IT,True,2012,Male,Youth (15-24),33.8
Italy,ITA,IT,True,2012,Total,Youth (15-24),35.3
Italy,ITA,IT,True,2012,Female,Overall (15-74),12.0
Italy,ITA,IT,True,2012,Male,Overall (15-74),10.1
Italy,ITA,IT,True,2012,Total,Overall (15-74),10.9
Italy,ITA,IT,True,2013,Female,Youth (15-24),41.4
Italy,ITA,IT,True,2013,Male,Youth (15-24),39.0
Italy,ITA,IT,True,2013,Total,Youth (15-24),40.0
Italy,ITA,IT,True,2013,Female,Overall (15-74),13.2
Italy,ITA,IT,True,2013,Male,Overall (15-74),11.7
Italy,ITA,IT,True,2013,Total,Overall (15-74),12.4
Italy,ITA,IT,True,2014,Female,Youth (15-24),44.6
Italy,ITA,IT,True,2014,Male,Youth (15-24),41.3
Italy,ITA,IT,True,2014,Total,Youth (15-24),42.7
Italy,ITA,IT,True,2014,Female,Overall (15-74),13.9
Italy,ITA,IT,True,2014,Male,Overall (15-74),12.1
Italy,ITA,IT,True,2014,Total,Overall (15-74),12.9
Italy,ITA,IT,True,2015,Female,Youth (15-24),42.6
Italy,ITA,IT,True,2015,Male,Youth (15-24),38.7
Italy,ITA,IT,True,2015,Total,Youth (15-24),40.3
Italy,ITA,IT,True,2015,Female,Overall (15-74),12.7
Italy,ITA,IT,True,2015,Male,Overall (15-74),11.5
Italy,ITA,IT,True,2015,Total,Overall (15-74),12.0
Italy,ITA,IT,True,2016,Female,Youth (15-24),39.6
Italy,ITA,IT,True,2016,Male,Youth (15-24),36.3
Italy,ITA,IT,True,2016,Total,Youth (15-24),37.7
Italy,ITA,IT,True,2016,Female,Overall (15-74),12.8
Italy,ITA,IT,True,2016,Male,Overall (15-74),11.0
Italy,ITA,IT,True,2016,Total,Overall (15-74),11.7
Italy,ITA,IT,True,2017,Female,Youth (15-24),37.2
Italy,ITA,IT,True,2017,Male,Youth (15-24),32.9
Italy,ITA,IT,True,2017,Total,Youth (15-24),34.6
Italy,ITA,IT,True,2017,Female,Overall (15-74),12.4
Italy,ITA,IT,True,2017,Male,Overall (15-74),10.4
Italy,ITA,IT,True,2017,Total,Overall (15-74),11.3
Italy,ITA,IT,True,2018,Female,Youth (15-24),34.9
Italy,ITA,IT,True,2018,Male,Youth (15-24),30.4
Italy,ITA,IT,True,2018,Total,Youth (15-24),32.2
Italy,ITA,IT,True,2018,Female,Overall (15-74),11.7
Italy,ITA,IT,True,2018,Male,Overall (15-74),9.7
Italy,ITA,IT,True,2018,Total,Overall (15-74),10.6
Italy,ITA,IT,True,2019,Female,Youth (15-24),31.1
Italy,ITA,IT,True,2019,Male,Youth (15-24),27.8
Italy,ITA,IT,True,2019,Total,Youth (15-24),29.2
Italy,ITA,IT,True,2019,Female,Overall (15-74),11.1
Italy,ITA,IT,True,2019,Male,Overall (15-74),9.1
Italy,ITA,IT,True,2019,Total,Overall (15-74),9.9
Italy,ITA,IT,True,2020,Female,Youth (15-24),32.1
Italy,ITA,IT,True,2020,Male,Youth (15-24),28.4
Italy,ITA,IT,True,2020,Total,Youth (15-24),29.8
Italy,ITA,IT,True,2020,Female,Overall (15-74),10.4
Italy,ITA,IT,True,2020,Male,Overall (15-74),8.6
Italy,ITA,IT,True,2020,Total,Overall (15-74),9.3
Italy,ITA,IT,True,2021,Female,Youth (15-24),32.8
Italy,ITA,IT,True,2021,Male,Youth (15-24),27.7
Italy,ITA,IT,True,2021,Total,Youth (15-24),29.7
Italy,ITA,IT,True,2021,Female,Overall (15-74),10.6
Italy,ITA,IT,True,2021,Male,Overall (15-74),8.7
Italy,ITA,IT,True,2021,Total,Overall (15-74),9.5
Italy,ITA,IT,True,2022,Female,Youth (15-24),25.8
Italy,ITA,IT,True,2022,Male,Youth (15-24),22.3
Italy,ITA,IT,True,2022,Total,Youth (15-24),23.7
Italy,ITA,IT,True,2022,Female,Overall (15-74),9.4
Italy,ITA,IT,True,2022,Male,Overall (15-74),7.1
Italy,ITA,IT,True,2022,Total,Overall (15-74),8.1
Italy,ITA,IT,True,2023,Female,Youth (15-24),25.2
Italy,ITA,IT,True,2023,Male,Youth (15-24),21.1
Italy,ITA,IT,True,2023,Total,Youth (15-24),22.7
Italy,ITA,IT,True,2023,Female,Overall (15-74),8.8
Italy,ITA,IT,True,2023,Male,Overall (15-74),6.8
Italy,ITA,IT,True,2023,Total,Overall (15-74),7.7
Italy,ITA,IT,True,2024,Female,Youth (15-24),22.2
Italy,ITA,IT,True,2024,Male,Youth (15-24),19.2
Italy,ITA,IT,True,2024,Total,Youth (15-24),20.3
Italy,ITA,IT,True,2024,Female,Overall (15-74),7.3
Italy,ITA,IT,True,2024,Male,Overall (15-74),5.9
Italy,ITA,IT,True,2024,Total,Overall (15-74),6.5
Italy,ITA,IT,True,2025,Female,Youth (15-24),22.2
Italy,ITA,IT,True,2025,Male,Youth (15-24),19.5
Italy,ITA,IT,True,2025,Total,Youth (15-24),20.6
Italy,ITA,IT,True,2025,Female,Overall (15-74),6.8
Italy,ITA,IT,True,2025,Male,Overall (15-74),5.7
Italy,ITA,IT,True,2025,Total,Overall (15-74),6.1
Latvia,LVA,LV,True,2009,Female,Youth (15-24),29.2
Latvia,LVA,LV,True,2009,Male,Youth (15-24),36.4
Latvia,LVA,LV,True,2009,Total,Youth (15-24),33.4
Latvia,LVA,LV,True,2009,Female,Overall (15-74),14.2
Latvia,LVA,LV,True,2009,Male,Overall (15-74),21.1
Latvia,LVA,LV,True,2009,Total,Overall (15-74),17.7
Latvia,LVA,LV,True,2010,Female,Youth (15-24),34.8
Latvia,LVA,LV,True,2010,Male,Youth (15-24),37.3
Latvia,LVA,LV,True,2010,Total,Youth (15-24),36.2
Latvia,LVA,LV,True,2010,Female,Overall (15-74),16.5
Latvia,LVA,LV,True,2010,Male,Overall (15-74),23.0
Latvia,LVA,LV,True,2010,Total,Overall (15-74),19.7
Latvia,LVA,LV,True,2011,Female,Youth (15-24),30.6
Latvia,LVA,LV,True,2011,Male,Youth (15-24),31.3
Latvia,LVA,LV,True,2011,Total,Youth (15-24),31.0
Latvia,LVA,LV,True,2011,Female,Overall (15-74),13.8
Latvia,LVA,LV,True,2011,Male,Overall (15-74),18.8
Latvia,LVA,LV,True,2011,Total,Overall (15-74),16.3
Latvia,LVA,LV,True,2012,Female,Youth (15-24),29.5
Latvia,LVA,LV,True,2012,Male,Youth (15-24),27.8
Latvia,LVA,LV,True,2012,Total,Youth (15-24),28.5
Latvia,LVA,LV,True,2012,Female,Overall (15-74),14.0
Latvia,LVA,LV,True,2012,Male,Overall (15-74),16.2
Latvia,LVA,LV,True,2012,Total,Overall (15-74),15.1
Latvia,LVA,LV,True,2013,Female,Youth (15-24),24.9
Latvia,LVA,LV,True,2013,Male,Youth (15-24),21.9
Latvia,LVA,LV,True,2013,Total,Youth (15-24),23.2
Latvia,LVA,LV,True,2013,Female,Overall (15-74),11.2
Latvia,LVA,LV,True,2013,Male,Overall (15-74),12.7
Latvia,LVA,LV,True,2013,Total,Overall (15-74),11.9
Latvia,LVA,LV,True,2014,Female,Youth (15-24),20.0
Latvia,LVA,LV,True,2014,Male,Youth (15-24),19.4
Latvia,LVA,LV,True,2014,Total,Youth (15-24),19.6
Latvia,LVA,LV,True,2014,Female,Overall (15-74),9.9
Latvia,LVA,LV,True,2014,Male,Overall (15-74),11.9
Latvia,LVA,LV,True,2014,Total,Overall (15-74),10.9
Latvia,LVA,LV,True,2015,Female,Youth (15-24),14.2
Latvia,LVA,LV,True,2015,Male,Youth (15-24),18.0
Latvia,LVA,LV,True,2015,Total,Youth (15-24),16.3
Latvia,LVA,LV,True,2015,Female,Overall (15-74),8.7
Latvia,LVA,LV,True,2015,Male,Overall (15-74),11.1
Latvia,LVA,LV,True,2015,Total,Overall (15-74),9.9
Latvia,LVA,LV,True,2016,Female,Youth (15-24),12.4
Latvia,LVA,LV,True,2016,Male,Youth (15-24),21.5
Latvia,LVA,LV,True,2016,Total,Youth (15-24),17.5
Latvia,LVA,LV,True,2016,Female,Overall (15-74),8.5
Latvia,LVA,LV,True,2016,Male,Overall (15-74),11.0
Latvia,LVA,LV,True,2016,Total,Overall (15-74),9.7
Latvia,LVA,LV,True,2017,Female,Youth (15-24),15.4
Latvia,LVA,LV,True,2017,Male,Youth (15-24),18.3
Latvia,LVA,LV,True,2017,Total,Youth (15-24),17.0
Latvia,LVA,LV,True,2017,Female,Overall (15-74),7.7
Latvia,LVA,LV,True,2017,Male,Overall (15-74),9.8
Latvia,LVA,LV,True,2017,Total,Overall (15-74),8.7
Latvia,LVA,LV,True,2018,Female,Youth (15-24),11.8
Latvia,LVA,LV,True,2018,Male,Youth (15-24),12.5
Latvia,LVA,LV,True,2018,Total,Youth (15-24),12.2
Latvia,LVA,LV,True,2018,Female,Overall (15-74),6.5
Latvia,LVA,LV,True,2018,Male,Overall (15-74),8.4
Latvia,LVA,LV,True,2018,Total,Overall (15-74),7.4
Latvia,LVA,LV,True,2019,Female,Youth (15-24),10.1
Latvia,LVA,LV,True,2019,Male,Youth (15-24),14.7
Latvia,LVA,LV,True,2019,Total,Youth (15-24),12.7
Latvia,LVA,LV,True,2019,Female,Overall (15-74),5.4
Latvia,LVA,LV,True,2019,Male,Overall (15-74),7.2
Latvia,LVA,LV,True,2019,Total,Overall (15-74),6.3
Latvia,LVA,LV,True,2020,Female,Youth (15-24),15.5
Latvia,LVA,LV,True,2020,Male,Youth (15-24),14.4
Latvia,LVA,LV,True,2020,Total,Youth (15-24),14.9
Latvia,LVA,LV,True,2020,Female,Overall (15-74),7.1
Latvia,LVA,LV,True,2020,Male,Overall (15-74),9.1
Latvia,LVA,LV,True,2020,Total,Overall (15-74),8.1
Latvia,LVA,LV,True,2021,Female,Youth (15-24),14.6
Latvia,LVA,LV,True,2021,Male,Youth (15-24),14.9
Latvia,LVA,LV,True,2021,Total,Youth (15-24),14.8
Latvia,LVA,LV,True,2021,Female,Overall (15-74),6.6
Latvia,LVA,LV,True,2021,Male,Overall (15-74),8.5
Latvia,LVA,LV,True,2021,Total,Overall (15-74),7.6
Latvia,LVA,LV,True,2022,Female,Youth (15-24),10.2
Latvia,LVA,LV,True,2022,Male,Youth (15-24),19.4
Latvia,LVA,LV,True,2022,Total,Youth (15-24),15.3
Latvia,LVA,LV,True,2022,Female,Overall (15-74),5.6
Latvia,LVA,LV,True,2022,Male,Overall (15-74),8.1
Latvia,LVA,LV,True,2022,Total,Overall (15-74),6.9
Latvia,LVA,LV,True,2023,Female,Youth (15-24),10.0
Latvia,LVA,LV,True,2023,Male,Youth (15-24),14.3
Latvia,LVA,LV,True,2023,Total,Youth (15-24),12.3
Latvia,LVA,LV,True,2023,Female,Overall (15-74),5.4
Latvia,LVA,LV,True,2023,Male,Overall (15-74),7.6
Latvia,LVA,LV,True,2023,Total,Overall (15-74),6.5
Latvia,LVA,LV,True,2024,Female,Youth (15-24),14.1
Latvia,LVA,LV,True,2024,Male,Youth (15-24),13.2
Latvia,LVA,LV,True,2024,Total,Youth (15-24),13.6
Latvia,LVA,LV,True,2024,Female,Overall (15-74),5.8
Latvia,LVA,LV,True,2024,Male,Overall (15-74),8.0
Latvia,LVA,LV,True,2024,Total,Overall (15-74),6.9
Latvia,LVA,LV,True,2025,Female,Youth (15-24),13.3
Latvia,LVA,LV,True,2025,Male,Youth (15-24),16.1
Latvia,LVA,LV,True,2025,Total,Youth (15-24),14.8
Latvia,LVA,LV,True,2025,Female,Overall (15-74),6.1
Latvia,LVA,LV,True,2025,Male,Overall (15-74),7.7
Latvia,LVA,LV,True,2025,Total,Overall (15-74),6.9
Lithuania,LTU,LT,True,2009,Female,Youth (15-24),22.4
Lithuania,LTU,LT,True,2009,Male,Youth (15-24),35.1
Lithuania,LTU,LT,True,2009,Total,Youth (15-24),29.6
Lithuania,LTU,LT,True,2009,Female,Overall (15-74),10.5
Lithuania,LTU,LT,True,2009,Male,Overall (15-74),17.1
Lithuania,LTU,LT,True,2009,Total,Overall (15-74),13.8
Lithuania,LTU,LT,True,2010,Female,Youth (15-24),31.6
Lithuania,LTU,LT,True,2010,Male,Youth (15-24),39.0
Lithuania,LTU,LT,True,2010,Total,Youth (15-24),35.7
Lithuania,LTU,LT,True,2010,Female,Overall (15-74),14.5
Lithuania,LTU,LT,True,2010,Male,Overall (15-74),21.2
Lithuania,LTU,LT,True,2010,Total,Overall (15-74),17.8
Lithuania,LTU,LT,True,2011,Female,Youth (15-24),29.4
Lithuania,LTU,LT,True,2011,Male,Youth (15-24),34.9
Lithuania,LTU,LT,True,2011,Total,Youth (15-24),32.6
Lithuania,LTU,LT,True,2011,Female,Overall (15-74),12.9
Lithuania,LTU,LT,True,2011,Male,Overall (15-74),17.9
Lithuania,LTU,LT,True,2011,Total,Overall (15-74),15.4
Lithuania,LTU,LT,True,2012,Female,Youth (15-24),22.7
Lithuania,LTU,LT,True,2012,Male,Youth (15-24),29.7
Lithuania,LTU,LT,True,2012,Total,Youth (15-24),26.7
Lithuania,LTU,LT,True,2012,Female,Overall (15-74),11.6
Lithuania,LTU,LT,True,2012,Male,Overall (15-74),15.2
Lithuania,LTU,LT,True,2012,Total,Overall (15-74),13.4
Lithuania,LTU,LT,True,2013,Female,Youth (15-24),20.4
Lithuania,LTU,LT,True,2013,Male,Youth (15-24),23.0
Lithuania,LTU,LT,True,2013,Total,Youth (15-24),21.9
Lithuania,LTU,LT,True,2013,Female,Overall (15-74),10.5
Lithuania,LTU,LT,True,2013,Male,Overall (15-74),13.1
Lithuania,LTU,LT,True,2013,Total,Overall (15-74),11.8
Lithuania,LTU,LT,True,2014,Female,Youth (15-24),18.7
Lithuania,LTU,LT,True,2014,Male,Youth (15-24),19.6
Lithuania,LTU,LT,True,2014,Total,Youth (15-24),19.3
Lithuania,LTU,LT,True,2014,Female,Overall (15-74),9.2
Lithuania,LTU,LT,True,2014,Male,Overall (15-74),12.2
Lithuania,LTU,LT,True,2014,Total,Overall (15-74),10.7
Lithuania,LTU,LT,True,2015,Female,Youth (15-24),16.6
Lithuania,LTU,LT,True,2015,Male,Youth (15-24),16.0
Lithuania,LTU,LT,True,2015,Total,Youth (15-24),16.3
Lithuania,LTU,LT,True,2015,Female,Overall (15-74),8.2
Lithuania,LTU,LT,True,2015,Male,Overall (15-74),10.1
Lithuania,LTU,LT,True,2015,Total,Overall (15-74),9.1
Lithuania,LTU,LT,True,2016,Female,Youth (15-24),12.6
Lithuania,LTU,LT,True,2016,Male,Youth (15-24),15.9
Lithuania,LTU,LT,True,2016,Total,Youth (15-24),14.5
Lithuania,LTU,LT,True,2016,Female,Overall (15-74),6.7
Lithuania,LTU,LT,True,2016,Male,Overall (15-74),9.1
Lithuania,LTU,LT,True,2016,Total,Overall (15-74),7.9
Lithuania,LTU,LT,True,2017,Female,Youth (15-24),11.7
Lithuania,LTU,LT,True,2017,Male,Youth (15-24),14.6
Lithuania,LTU,LT,True,2017,Total,Youth (15-24),13.3
Lithuania,LTU,LT,True,2017,Female,Overall (15-74),5.7
Lithuania,LTU,LT,True,2017,Male,Overall (15-74),8.6
Lithuania,LTU,LT,True,2017,Total,Overall (15-74),7.1
Lithuania,LTU,LT,True,2018,Female,Youth (15-24),10.1
Lithuania,LTU,LT,True,2018,Male,Youth (15-24),12.0
Lithuania,LTU,LT,True,2018,Total,Youth (15-24),11.1
Lithuania,LTU,LT,True,2018,Female,Overall (15-74),5.4
Lithuania,LTU,LT,True,2018,Male,Overall (15-74),6.9
Lithuania,LTU,LT,True,2018,Total,Overall (15-74),6.2
Lithuania,LTU,LT,True,2019,Female,Youth (15-24),9.3
Lithuania,LTU,LT,True,2019,Male,Youth (15-24),14.1
Lithuania,LTU,LT,True,2019,Total,Youth (15-24),11.9
Lithuania,LTU,LT,True,2019,Female,Overall (15-74),5.5
Lithuania,LTU,LT,True,2019,Male,Overall (15-74),7.1
Lithuania,LTU,LT,True,2019,Total,Overall (15-74),6.3
Lithuania,LTU,LT,True,2020,Female,Youth (15-24),17.3
Lithuania,LTU,LT,True,2020,Male,Youth (15-24),21.5
Lithuania,LTU,LT,True,2020,Total,Youth (15-24),19.6
Lithuania,LTU,LT,True,2020,Female,Overall (15-74),7.7
Lithuania,LTU,LT,True,2020,Male,Overall (15-74),9.3
Lithuania,LTU,LT,True,2020,Total,Overall (15-74),8.5
Lithuania,LTU,LT,True,2021,Female,Youth (15-24),14.7
Lithuania,LTU,LT,True,2021,Male,Youth (15-24),14.0
Lithuania,LTU,LT,True,2021,Total,Youth (15-24),14.3
Lithuania,LTU,LT,True,2021,Female,Overall (15-74),6.6
Lithuania,LTU,LT,True,2021,Male,Overall (15-74),7.6
Lithuania,LTU,LT,True,2021,Total,Overall (15-74),7.1
Lithuania,LTU,LT,True,2022,Female,Youth (15-24),10.4
Lithuania,LTU,LT,True,2022,Male,Youth (15-24),13.4
Lithuania,LTU,LT,True,2022,Total,Youth (15-24),11.9
Lithuania,LTU,LT,True,2022,Female,Overall (15-74),5.5
Lithuania,LTU,LT,True,2022,Male,Overall (15-74),6.5
Lithuania,LTU,LT,True,2022,Total,Overall (15-74),6.0
Lithuania,LTU,LT,True,2023,Female,Youth (15-24),10.2
Lithuania,LTU,LT,True,2023,Male,Youth (15-24),17.2
Lithuania,LTU,LT,True,2023,Total,Youth (15-24),13.8
Lithuania,LTU,LT,True,2023,Female,Overall (15-74),6.4
Lithuania,LTU,LT,True,2023,Male,Overall (15-74),7.3
Lithuania,LTU,LT,True,2023,Total,Overall (15-74),6.9
Lithuania,LTU,LT,True,2024,Female,Youth (15-24),16.4
Lithuania,LTU,LT,True,2024,Male,Youth (15-24),16.0
Lithuania,LTU,LT,True,2024,Total,Youth (15-24),16.2
Lithuania,LTU,LT,True,2024,Female,Overall (15-74),6.5
Lithuania,LTU,LT,True,2024,Male,Overall (15-74),7.8
Lithuania,LTU,LT,True,2024,Total,Overall (15-74),7.1
Lithuania,LTU,LT,True,2025,Female,Youth (15-24),10.7
Lithuania,LTU,LT,True,2025,Male,Youth (15-24),17.0
Lithuania,LTU,LT,True,2025,Total,Youth (15-24),14.1
Lithuania,LTU,LT,True,2025,Female,Overall (15-74),5.8
Lithuania,LTU,LT,True,2025,Male,Overall (15-74),7.9
Lithuania,LTU,LT,True,2025,Total,Overall (15-74),6.9
Luxembourg,LUX,LU,True,2009,Female,Youth (15-24),17.8
Luxembourg,LUX,LU,True,2009,Male,Youth (15-24),16.7
Luxembourg,LUX,LU,True,2009,Total,Youth (15-24),17.2
Luxembourg,LUX,LU,True,2009,Female,Overall (15-74),6.1
Luxembourg,LUX,LU,True,2009,Male,Overall (15-74),4.4
Luxembourg,LUX,LU,True,2009,Total,Overall (15-74),5.1
Luxembourg,LUX,LU,True,2010,Female,Youth (15-24),10.2
Luxembourg,LUX,LU,True,2010,Male,Youth (15-24),17.6
Luxembourg,LUX,LU,True,2010,Total,Youth (15-24),14.2
Luxembourg,LUX,LU,True,2010,Female,Overall (15-74),5.1
Luxembourg,LUX,LU,True,2010,Male,Overall (15-74),3.8
Luxembourg,LUX,LU,True,2010,Total,Overall (15-74),4.4
Luxembourg,LUX,LU,True,2011,Female,Youth (15-24),20.8
Luxembourg,LUX,LU,True,2011,Male,Youth (15-24),13.3
Luxembourg,LUX,LU,True,2011,Total,Youth (15-24),16.8
Luxembourg,LUX,LU,True,2011,Female,Overall (15-74),6.3
Luxembourg,LUX,LU,True,2011,Male,Overall (15-74),3.8
Luxembourg,LUX,LU,True,2011,Total,Overall (15-74),4.9
Luxembourg,LUX,LU,True,2012,Female,Youth (15-24),18.6
Luxembourg,LUX,LU,True,2012,Male,Youth (15-24),18.9
Luxembourg,LUX,LU,True,2012,Total,Youth (15-24),18.8
Luxembourg,LUX,LU,True,2012,Female,Overall (15-74),5.9
Luxembourg,LUX,LU,True,2012,Male,Overall (15-74),4.5
Luxembourg,LUX,LU,True,2012,Total,Overall (15-74),5.1
Luxembourg,LUX,LU,True,2013,Female,Youth (15-24),10.9
Luxembourg,LUX,LU,True,2013,Male,Youth (15-24),18.7
Luxembourg,LUX,LU,True,2013,Total,Youth (15-24),15.5
Luxembourg,LUX,LU,True,2013,Female,Overall (15-74),6.4
Luxembourg,LUX,LU,True,2013,Male,Overall (15-74),5.4
Luxembourg,LUX,LU,True,2013,Total,Overall (15-74),5.9
Luxembourg,LUX,LU,True,2014,Female,Youth (15-24),18.1
Luxembourg,LUX,LU,True,2014,Male,Youth (15-24),26.1
Luxembourg,LUX,LU,True,2014,Total,Youth (15-24),22.6
Luxembourg,LUX,LU,True,2014,Female,Overall (15-74),5.8
Luxembourg,LUX,LU,True,2014,Male,Overall (15-74),5.9
Luxembourg,LUX,LU,True,2014,Total,Overall (15-74),5.9
Luxembourg,LUX,LU,True,2015,Female,Youth (15-24),15.7
Luxembourg,LUX,LU,True,2015,Male,Youth (15-24),18.9
Luxembourg,LUX,LU,True,2015,Total,Youth (15-24),17.3
Luxembourg,LUX,LU,True,2015,Female,Overall (15-74),7.4
Luxembourg,LUX,LU,True,2015,Male,Overall (15-74),6.1
Luxembourg,LUX,LU,True,2015,Total,Overall (15-74),6.7
Luxembourg,LUX,LU,True,2016,Female,Youth (15-24),18.0
Luxembourg,LUX,LU,True,2016,Male,Youth (15-24),19.7
Luxembourg,LUX,LU,True,2016,Total,Youth (15-24),18.9
Luxembourg,LUX,LU,True,2016,Female,Overall (15-74),6.6
Luxembourg,LUX,LU,True,2016,Male,Overall (15-74),6.0
Luxembourg,LUX,LU,True,2016,Total,Overall (15-74),6.3
Luxembourg,LUX,LU,True,2017,Female,Youth (15-24),13.2
Luxembourg,LUX,LU,True,2017,Male,Youth (15-24),17.2
Luxembourg,LUX,LU,True,2017,Total,Youth (15-24),15.4
Luxembourg,LUX,LU,True,2017,Female,Overall (15-74),5.5
Luxembourg,LUX,LU,True,2017,Male,Overall (15-74),5.6
Luxembourg,LUX,LU,True,2017,Total,Overall (15-74),5.5
Luxembourg,LUX,LU,True,2018,Female,Youth (15-24),11.9
Luxembourg,LUX,LU,True,2018,Male,Youth (15-24),16.3
Luxembourg,LUX,LU,True,2018,Total,Youth (15-24),14.2
Luxembourg,LUX,LU,True,2018,Female,Overall (15-74),5.9
Luxembourg,LUX,LU,True,2018,Male,Overall (15-74),5.3
Luxembourg,LUX,LU,True,2018,Total,Overall (15-74),5.6
Luxembourg,LUX,LU,True,2019,Female,Youth (15-24),16.0
Luxembourg,LUX,LU,True,2019,Male,Youth (15-24),17.8
Luxembourg,LUX,LU,True,2019,Total,Youth (15-24),17.0
Luxembourg,LUX,LU,True,2019,Female,Overall (15-74),5.5
Luxembourg,LUX,LU,True,2019,Male,Overall (15-74),5.7
Luxembourg,LUX,LU,True,2019,Total,Overall (15-74),5.6
Luxembourg,LUX,LU,True,2020,Female,Youth (15-24),21.3
Luxembourg,LUX,LU,True,2020,Male,Youth (15-24),24.8
Luxembourg,LUX,LU,True,2020,Total,Youth (15-24),23.2
Luxembourg,LUX,LU,True,2020,Female,Overall (15-74),7.0
Luxembourg,LUX,LU,True,2020,Male,Overall (15-74),6.6
Luxembourg,LUX,LU,True,2020,Total,Overall (15-74),6.8
Luxembourg,LUX,LU,True,2021,Female,Youth (15-24),16.1
Luxembourg,LUX,LU,True,2021,Male,Youth (15-24),17.7
Luxembourg,LUX,LU,True,2021,Total,Youth (15-24),16.9
Luxembourg,LUX,LU,True,2021,Female,Overall (15-74),5.6
Luxembourg,LUX,LU,True,2021,Male,Overall (15-74),4.9
Luxembourg,LUX,LU,True,2021,Total,Overall (15-74),5.3
Luxembourg,LUX,LU,True,2022,Female,Youth (15-24),18.5
Luxembourg,LUX,LU,True,2022,Male,Youth (15-24),16.7
Luxembourg,LUX,LU,True,2022,Total,Youth (15-24),17.6
Luxembourg,LUX,LU,True,2022,Female,Overall (15-74),4.7
Luxembourg,LUX,LU,True,2022,Male,Overall (15-74),4.5
Luxembourg,LUX,LU,True,2022,Total,Overall (15-74),4.6
Luxembourg,LUX,LU,True,2023,Female,Youth (15-24),22.7
Luxembourg,LUX,LU,True,2023,Male,Youth (15-24),15.6
Luxembourg,LUX,LU,True,2023,Total,Youth (15-24),18.8
Luxembourg,LUX,LU,True,2023,Female,Overall (15-74),5.4
Luxembourg,LUX,LU,True,2023,Male,Overall (15-74),5.0
Luxembourg,LUX,LU,True,2023,Total,Overall (15-74),5.2
Luxembourg,LUX,LU,True,2024,Female,Youth (15-24),18.1
Luxembourg,LUX,LU,True,2024,Male,Youth (15-24),24.4
Luxembourg,LUX,LU,True,2024,Total,Youth (15-24),21.6
Luxembourg,LUX,LU,True,2024,Female,Overall (15-74),6.3
Luxembourg,LUX,LU,True,2024,Male,Overall (15-74),6.6
Luxembourg,LUX,LU,True,2024,Total,Overall (15-74),6.4
Luxembourg,LUX,LU,True,2025,Female,Overall (15-74),6.8
Luxembourg,LUX,LU,True,2025,Male,Overall (15-74),6.2
Luxembourg,LUX,LU,True,2025,Total,Overall (15-74),6.5
Malta,MLT,MT,True,2009,Female,Youth (15-24),12.5
Malta,MLT,MT,True,2009,Male,Youth (15-24),16.2
Malta,MLT,MT,True,2009,Total,Youth (15-24),14.5
Malta,MLT,MT,True,2009,Female,Overall (15-74),7.6
Malta,MLT,MT,True,2009,Male,Overall (15-74),6.5
Malta,MLT,MT,True,2009,Total,Overall (15-74),6.9
Malta,MLT,MT,True,2010,Female,Youth (15-24),11.8
Malta,MLT,MT,True,2010,Male,Youth (15-24),14.4
Malta,MLT,MT,True,2010,Total,Youth (15-24),13.2
Malta,MLT,MT,True,2010,Female,Overall (15-74),7.1
Malta,MLT,MT,True,2010,Male,Overall (15-74),6.7
Malta,MLT,MT,True,2010,Total,Overall (15-74),6.9
Malta,MLT,MT,True,2011,Female,Youth (15-24),12.9
Malta,MLT,MT,True,2011,Male,Youth (15-24),13.7
Malta,MLT,MT,True,2011,Total,Youth (15-24),13.3
Malta,MLT,MT,True,2011,Female,Overall (15-74),7.1
Malta,MLT,MT,True,2011,Male,Overall (15-74),6.0
Malta,MLT,MT,True,2011,Total,Overall (15-74),6.4
Malta,MLT,MT,True,2012,Female,Youth (15-24),14.5
Malta,MLT,MT,True,2012,Male,Youth (15-24),13.3
Malta,MLT,MT,True,2012,Total,Youth (15-24),13.8
Malta,MLT,MT,True,2012,Female,Overall (15-74),7.2
Malta,MLT,MT,True,2012,Male,Overall (15-74),5.6
Malta,MLT,MT,True,2012,Total,Overall (15-74),6.2
Malta,MLT,MT,True,2013,Female,Youth (15-24),10.4
Malta,MLT,MT,True,2013,Male,Youth (15-24),14.7
Malta,MLT,MT,True,2013,Total,Youth (15-24),12.7
Malta,MLT,MT,True,2013,Female,Overall (15-74),6.1
Malta,MLT,MT,True,2013,Male,Overall (15-74),6.1
Malta,MLT,MT,True,2013,Total,Overall (15-74),6.1
Malta,MLT,MT,True,2014,Female,Youth (15-24),9.5
Malta,MLT,MT,True,2014,Male,Youth (15-24),13.7
Malta,MLT,MT,True,2014,Total,Youth (15-24),11.7
Malta,MLT,MT,True,2014,Female,Overall (15-74),5.1
Malta,MLT,MT,True,2014,Male,Overall (15-74),6.1
Malta,MLT,MT,True,2014,Total,Overall (15-74),5.7
Malta,MLT,MT,True,2015,Female,Youth (15-24),9.8
Malta,MLT,MT,True,2015,Male,Youth (15-24),13.2
Malta,MLT,MT,True,2015,Total,Youth (15-24),11.6
Malta,MLT,MT,True,2015,Female,Overall (15-74),5.4
Malta,MLT,MT,True,2015,Male,Overall (15-74),5.4
Malta,MLT,MT,True,2015,Total,Overall (15-74),5.4
Malta,MLT,MT,True,2016,Female,Youth (15-24),11.4
Malta,MLT,MT,True,2016,Male,Youth (15-24),10.2
Malta,MLT,MT,True,2016,Total,Youth (15-24),10.7
Malta,MLT,MT,True,2016,Female,Overall (15-74),5.2
Malta,MLT,MT,True,2016,Male,Overall (15-74),4.4
Malta,MLT,MT,True,2016,Total,Overall (15-74),4.7
Malta,MLT,MT,True,2017,Female,Youth (15-24),9.9
Malta,MLT,MT,True,2017,Male,Youth (15-24),11.1
Malta,MLT,MT,True,2017,Total,Youth (15-24),10.6
Malta,MLT,MT,True,2017,Female,Overall (15-74),4.3
Malta,MLT,MT,True,2017,Male,Overall (15-74),3.8
Malta,MLT,MT,True,2017,Total,Overall (15-74),4.0
Malta,MLT,MT,True,2018,Female,Youth (15-24),6.7
Malta,MLT,MT,True,2018,Male,Youth (15-24),11.7
Malta,MLT,MT,True,2018,Total,Youth (15-24),9.4
Malta,MLT,MT,True,2018,Female,Overall (15-74),3.7
Malta,MLT,MT,True,2018,Male,Overall (15-74),4.1
Malta,MLT,MT,True,2018,Total,Overall (15-74),4.0
Malta,MLT,MT,True,2019,Female,Youth (15-24),8.6
Malta,MLT,MT,True,2019,Male,Youth (15-24),11.3
Malta,MLT,MT,True,2019,Total,Youth (15-24),10.1
Malta,MLT,MT,True,2019,Female,Overall (15-74),4.7
Malta,MLT,MT,True,2019,Male,Overall (15-74),3.7
Malta,MLT,MT,True,2019,Total,Overall (15-74),4.1
Malta,MLT,MT,True,2020,Female,Youth (15-24),8.3
Malta,MLT,MT,True,2020,Male,Youth (15-24),14.1
Malta,MLT,MT,True,2020,Total,Youth (15-24),11.5
Malta,MLT,MT,True,2020,Female,Overall (15-74),5.1
Malta,MLT,MT,True,2020,Male,Overall (15-74),4.7
Malta,MLT,MT,True,2020,Total,Overall (15-74),4.9
Malta,MLT,MT,True,2021,Female,Youth (15-24),6.0
Malta,MLT,MT,True,2021,Male,Youth (15-24),12.9
Malta,MLT,MT,True,2021,Total,Youth (15-24),9.9
Malta,MLT,MT,True,2021,Female,Overall (15-74),3.6
Malta,MLT,MT,True,2021,Male,Overall (15-74),3.9
Malta,MLT,MT,True,2021,Total,Overall (15-74),3.8
Malta,MLT,MT,True,2022,Female,Youth (15-24),6.0
Malta,MLT,MT,True,2022,Male,Youth (15-24),11.6
Malta,MLT,MT,True,2022,Total,Youth (15-24),9.0
Malta,MLT,MT,True,2022,Female,Overall (15-74),3.1
Malta,MLT,MT,True,2022,Male,Overall (15-74),3.7
Malta,MLT,MT,True,2022,Total,Overall (15-74),3.5
Malta,MLT,MT,True,2023,Male,Youth (15-24),11.6
Malta,MLT,MT,True,2023,Total,Youth (15-24),9.2
Malta,MLT,MT,True,2023,Female,Overall (15-74),3.2
Malta,MLT,MT,True,2023,Male,Overall (15-74),3.7
Malta,MLT,MT,True,2023,Total,Overall (15-74),3.5
Malta,MLT,MT,True,2024,Female,Youth (15-24),8.2
Malta,MLT,MT,True,2024,Male,Youth (15-24),9.9
Malta,MLT,MT,True,2024,Total,Youth (15-24),9.2
Malta,MLT,MT,True,2024,Female,Overall (15-74),3.0
Malta,MLT,MT,True,2024,Male,Overall (15-74),3.3
Malta,MLT,MT,True,2024,Total,Overall (15-74),3.2
Malta,MLT,MT,True,2025,Female,Youth (15-24),10.2
Malta,MLT,MT,True,2025,Male,Youth (15-24),9.2
Malta,MLT,MT,True,2025,Total,Youth (15-24),9.6
Malta,MLT,MT,True,2025,Female,Overall (15-74),3.0
Malta,MLT,MT,True,2025,Male,Overall (15-74),3.1
Malta,MLT,MT,True,2025,Total,Overall (15-74),3.1
Montenegro,MNE,ME,False,2011,Female,Youth (15-24),38.4
Montenegro,MNE,ME,False,2011,Male,Youth (15-24),35.4
Montenegro,MNE,ME,False,2011,Total,Youth (15-24),36.6
Montenegro,MNE,ME,False,2011,Female,Overall (15-74),20.1
Montenegro,MNE,ME,False,2011,Male,Overall (15-74),19.3
Montenegro,MNE,ME,False,2011,Total,Overall (15-74),19.7
Montenegro,MNE,ME,False,2012,Female,Youth (15-24),37.6
Montenegro,MNE,ME,False,2012,Male,Youth (15-24),45.8
Montenegro,MNE,ME,False,2012,Total,Youth (15-24),42.2
Montenegro,MNE,ME,False,2012,Female,Overall (15-74),20.3
Montenegro,MNE,ME,False,2012,Male,Overall (15-74),19.8
Montenegro,MNE,ME,False,2012,Total,Overall (15-74),20.0
Montenegro,MNE,ME,False,2013,Female,Youth (15-24),37.2
Montenegro,MNE,ME,False,2013,Male,Youth (15-24),42.9
Montenegro,MNE,ME,False,2013,Total,Youth (15-24),40.5
Montenegro,MNE,ME,False,2013,Female,Overall (15-74),18.8
Montenegro,MNE,ME,False,2013,Male,Overall (15-74),20.0
Montenegro,MNE,ME,False,2013,Total,Overall (15-74),19.5
Montenegro,MNE,ME,False,2014,Female,Youth (15-24),35.4
Montenegro,MNE,ME,False,2014,Male,Youth (15-24),36.0
Montenegro,MNE,ME,False,2014,Total,Youth (15-24),35.8
Montenegro,MNE,ME,False,2014,Female,Overall (15-74),18.2
Montenegro,MNE,ME,False,2014,Male,Overall (15-74),17.8
Montenegro,MNE,ME,False,2014,Total,Overall (15-74),18.0
Montenegro,MNE,ME,False,2015,Female,Youth (15-24),34.5
Montenegro,MNE,ME,False,2015,Male,Youth (15-24),39.9
Montenegro,MNE,ME,False,2015,Total,Youth (15-24),37.6
Montenegro,MNE,ME,False,2015,Female,Overall (15-74),17.3
Montenegro,MNE,ME,False,2015,Male,Overall (15-74),17.8
Montenegro,MNE,ME,False,2015,Total,Overall (15-74),17.6
Montenegro,MNE,ME,False,2016,Female,Youth (15-24),34.6
Montenegro,MNE,ME,False,2016,Male,Youth (15-24),36.9
Montenegro,MNE,ME,False,2016,Total,Youth (15-24),35.9
Montenegro,MNE,ME,False,2016,Female,Overall (15-74),17.1
Montenegro,MNE,ME,False,2016,Male,Overall (15-74),18.3
Montenegro,MNE,ME,False,2016,Total,Overall (15-74),17.8
Montenegro,MNE,ME,False,2017,Female,Youth (15-24),33.1
Montenegro,MNE,ME,False,2017,Male,Youth (15-24),30.7
Montenegro,MNE,ME,False,2017,Total,Youth (15-24),31.7
Montenegro,MNE,ME,False,2017,Female,Overall (15-74),17.0
Montenegro,MNE,ME,False,2017,Male,Overall (15-74),15.4
Montenegro,MNE,ME,False,2017,Total,Overall (15-74),16.1
Montenegro,MNE,ME,False,2018,Female,Youth (15-24),23.6
Montenegro,MNE,ME,False,2018,Male,Youth (15-24),33.3
Montenegro,MNE,ME,False,2018,Total,Youth (15-24),29.4
Montenegro,MNE,ME,False,2018,Female,Overall (15-74),15.1
Montenegro,MNE,ME,False,2018,Male,Overall (15-74),15.3
Montenegro,MNE,ME,False,2018,Total,Overall (15-74),15.2
Montenegro,MNE,ME,False,2019,Female,Youth (15-24),24.3
Montenegro,MNE,ME,False,2019,Male,Youth (15-24),25.8
Montenegro,MNE,ME,False,2019,Total,Youth (15-24),25.2
Montenegro,MNE,ME,False,2019,Female,Overall (15-74),15.7
Montenegro,MNE,ME,False,2019,Male,Overall (15-74),14.7
Montenegro,MNE,ME,False,2019,Total,Overall (15-74),15.2
Montenegro,MNE,ME,False,2020,Female,Youth (15-24),39.7
Montenegro,MNE,ME,False,2020,Male,Youth (15-24),33.6
Montenegro,MNE,ME,False,2020,Total,Youth (15-24),36.0
Montenegro,MNE,ME,False,2020,Female,Overall (15-74),18.4
Montenegro,MNE,ME,False,2020,Male,Overall (15-74),17.5
Montenegro,MNE,ME,False,2020,Total,Overall (15-74),17.9
Netherlands,NLD,NL,True,2009,Female,Youth (15-24),9.7
Netherlands,NLD,NL,True,2009,Male,Youth (15-24),13.5
Netherlands,NLD,NL,True,2009,Total,Youth (15-24),11.6
Netherlands,NLD,NL,True,2009,Female,Overall (15-74),6.1
Netherlands,NLD,NL,True,2009,Male,Overall (15-74),4.8
Netherlands,NLD,NL,True,2009,Total,Overall (15-74),5.4
Netherlands,NLD,NL,True,2010,Female,Youth (15-24),10.7
Netherlands,NLD,NL,True,2010,Male,Youth (15-24),14.1
Netherlands,NLD,NL,True,2010,Total,Youth (15-24),12.4
Netherlands,NLD,NL,True,2010,Female,Overall (15-74),6.7
Netherlands,NLD,NL,True,2010,Male,Overall (15-74),5.5
Netherlands,NLD,NL,True,2010,Total,Overall (15-74),6.1
Netherlands,NLD,NL,True,2011,Female,Youth (15-24),10.2
Netherlands,NLD,NL,True,2011,Male,Youth (15-24),12.8
Netherlands,NLD,NL,True,2011,Total,Youth (15-24),11.4
Netherlands,NLD,NL,True,2011,Female,Overall (15-74),6.6
Netherlands,NLD,NL,True,2011,Male,Overall (15-74),5.6
Netherlands,NLD,NL,True,2011,Total,Overall (15-74),6.0
Netherlands,NLD,NL,True,2012,Female,Youth (15-24),12.0
Netherlands,NLD,NL,True,2012,Male,Youth (15-24),13.9
Netherlands,NLD,NL,True,2012,Total,Youth (15-24),12.9
Netherlands,NLD,NL,True,2012,Female,Overall (15-74),7.4
Netherlands,NLD,NL,True,2012,Male,Overall (15-74),6.4
Netherlands,NLD,NL,True,2012,Total,Overall (15-74),6.8
Netherlands,NLD,NL,True,2013,Female,Youth (15-24),13.0
Netherlands,NLD,NL,True,2013,Male,Youth (15-24),15.4
Netherlands,NLD,NL,True,2013,Total,Youth (15-24),14.2
Netherlands,NLD,NL,True,2013,Female,Overall (15-74),8.4
Netherlands,NLD,NL,True,2013,Male,Overall (15-74),8.1
Netherlands,NLD,NL,True,2013,Total,Overall (15-74),8.2
Netherlands,NLD,NL,True,2014,Female,Youth (15-24),13.2
Netherlands,NLD,NL,True,2014,Male,Youth (15-24),14.4
Netherlands,NLD,NL,True,2014,Total,Youth (15-24),13.8
Netherlands,NLD,NL,True,2014,Female,Overall (15-74),8.8
Netherlands,NLD,NL,True,2014,Male,Overall (15-74),8.0
Netherlands,NLD,NL,True,2014,Total,Overall (15-74),8.4
Netherlands,NLD,NL,True,2015,Female,Youth (15-24),11.6
Netherlands,NLD,NL,True,2015,Male,Youth (15-24),13.5
Netherlands,NLD,NL,True,2015,Total,Youth (15-24),12.5
Netherlands,NLD,NL,True,2015,Female,Overall (15-74),8.4
Netherlands,NLD,NL,True,2015,Male,Overall (15-74),7.4
Netherlands,NLD,NL,True,2015,Total,Overall (15-74),7.9
Netherlands,NLD,NL,True,2016,Female,Youth (15-24),10.8
Netherlands,NLD,NL,True,2016,Male,Youth (15-24),13.5
Netherlands,NLD,NL,True,2016,Total,Youth (15-24),12.1
Netherlands,NLD,NL,True,2016,Female,Overall (15-74),7.6
Netherlands,NLD,NL,True,2016,Male,Overall (15-74),6.5
Netherlands,NLD,NL,True,2016,Total,Overall (15-74),7.0
Netherlands,NLD,NL,True,2017,Female,Youth (15-24),9.5
Netherlands,NLD,NL,True,2017,Male,Youth (15-24),11.4
Netherlands,NLD,NL,True,2017,Total,Youth (15-24),10.4
Netherlands,NLD,NL,True,2017,Female,Overall (15-74),6.4
Netherlands,NLD,NL,True,2017,Male,Overall (15-74),5.4
Netherlands,NLD,NL,True,2017,Total,Overall (15-74),5.9
Netherlands,NLD,NL,True,2018,Female,Youth (15-24),7.6
Netherlands,NLD,NL,True,2018,Male,Youth (15-24),10.2
Netherlands,NLD,NL,True,2018,Total,Youth (15-24),8.9
Netherlands,NLD,NL,True,2018,Female,Overall (15-74),5.1
Netherlands,NLD,NL,True,2018,Male,Overall (15-74),4.7
Netherlands,NLD,NL,True,2018,Total,Overall (15-74),4.9
Netherlands,NLD,NL,True,2019,Female,Youth (15-24),7.2
Netherlands,NLD,NL,True,2019,Male,Youth (15-24),9.7
Netherlands,NLD,NL,True,2019,Total,Youth (15-24),8.5
Netherlands,NLD,NL,True,2019,Female,Overall (15-74),4.5
Netherlands,NLD,NL,True,2019,Male,Overall (15-74),4.3
Netherlands,NLD,NL,True,2019,Total,Overall (15-74),4.4
Netherlands,NLD,NL,True,2020,Female,Youth (15-24),9.7
Netherlands,NLD,NL,True,2020,Male,Youth (15-24),11.5
Netherlands,NLD,NL,True,2020,Total,Youth (15-24),10.6
Netherlands,NLD,NL,True,2020,Female,Overall (15-74),5.1
Netherlands,NLD,NL,True,2020,Male,Overall (15-74),4.6
Netherlands,NLD,NL,True,2020,Total,Overall (15-74),4.9
Netherlands,NLD,NL,True,2021,Female,Youth (15-24),9.0
Netherlands,NLD,NL,True,2021,Male,Youth (15-24),9.7
Netherlands,NLD,NL,True,2021,Total,Youth (15-24),9.3
Netherlands,NLD,NL,True,2021,Female,Overall (15-74),4.5
Netherlands,NLD,NL,True,2021,Male,Overall (15-74),4.0
Netherlands,NLD,NL,True,2021,Total,Overall (15-74),4.2
Netherlands,NLD,NL,True,2022,Female,Youth (15-24),8.0
Netherlands,NLD,NL,True,2022,Male,Youth (15-24),7.3
Netherlands,NLD,NL,True,2022,Total,Youth (15-24),7.6
Netherlands,NLD,NL,True,2022,Female,Overall (15-74),3.8
Netherlands,NLD,NL,True,2022,Male,Overall (15-74),3.3
Netherlands,NLD,NL,True,2022,Total,Overall (15-74),3.5
Netherlands,NLD,NL,True,2023,Female,Youth (15-24),8.2
Netherlands,NLD,NL,True,2023,Male,Youth (15-24),8.3
Netherlands,NLD,NL,True,2023,Total,Youth (15-24),8.2
Netherlands,NLD,NL,True,2023,Female,Overall (15-74),3.8
Netherlands,NLD,NL,True,2023,Male,Overall (15-74),3.4
Netherlands,NLD,NL,True,2023,Total,Overall (15-74),3.6
Netherlands,NLD,NL,True,2024,Female,Youth (15-24),8.5
Netherlands,NLD,NL,True,2024,Male,Youth (15-24),8.8
Netherlands,NLD,NL,True,2024,Total,Youth (15-24),8.7
Netherlands,NLD,NL,True,2024,Female,Overall (15-74),3.8
Netherlands,NLD,NL,True,2024,Male,Overall (15-74),3.5
Netherlands,NLD,NL,True,2024,Total,Overall (15-74),3.7
Netherlands,NLD,NL,True,2025,Female,Youth (15-24),8.6
Netherlands,NLD,NL,True,2025,Male,Youth (15-24),9.1
Netherlands,NLD,NL,True,2025,Total,Youth (15-24),8.8
Netherlands,NLD,NL,True,2025,Female,Overall (15-74),4.0
Netherlands,NLD,NL,True,2025,Male,Overall (15-74),3.8
Netherlands,NLD,NL,True,2025,Total,Overall (15-74),3.9
North Macedonia,MKD,MK,False,2009,Female,Youth (15-24),59.4
North Macedonia,MKD,MK,False,2009,Male,Youth (15-24),52.7
North Macedonia,MKD,MK,False,2009,Total,Youth (15-24),55.1
North Macedonia,MKD,MK,False,2009,Female,Overall (15-74),32.8
North Macedonia,MKD,MK,False,2009,Male,Overall (15-74),31.8
North Macedonia,MKD,MK,False,2009,Total,Overall (15-74),32.2
North Macedonia,MKD,MK,False,2010,Female,Youth (15-24),53.3
North Macedonia,MKD,MK,False,2010,Male,Youth (15-24),53.9
North Macedonia,MKD,MK,False,2010,Total,Youth (15-24),53.7
North Macedonia,MKD,MK,False,2010,Female,Overall (15-74),32.3
North Macedonia,MKD,MK,False,2010,Male,Overall (15-74),31.9
North Macedonia,MKD,MK,False,2010,Total,Overall (15-74),32.0
North Macedonia,MKD,MK,False,2011,Female,Youth (15-24),54.8
North Macedonia,MKD,MK,False,2011,Male,Youth (15-24),55.5
North Macedonia,MKD,MK,False,2011,Total,Youth (15-24),55.3
North Macedonia,MKD,MK,False,2011,Female,Overall (15-74),30.8
North Macedonia,MKD,MK,False,2011,Male,Overall (15-74),31.8
North Macedonia,MKD,MK,False,2011,Total,Overall (15-74),31.4
North Macedonia,MKD,MK,False,2012,Female,Youth (15-24),51.8
North Macedonia,MKD,MK,False,2012,Male,Youth (15-24),55.2
North Macedonia,MKD,MK,False,2012,Total,Youth (15-24),53.9
North Macedonia,MKD,MK,False,2012,Female,Overall (15-74),30.3
North Macedonia,MKD,MK,False,2012,Male,Overall (15-74),31.5
North Macedonia,MKD,MK,False,2012,Total,Overall (15-74),31.0
North Macedonia,MKD,MK,False,2013,Female,Youth (15-24),51.0
North Macedonia,MKD,MK,False,2013,Male,Youth (15-24),52.5
North Macedonia,MKD,MK,False,2013,Total,Youth (15-24),51.9
North Macedonia,MKD,MK,False,2013,Female,Overall (15-74),29.0
North Macedonia,MKD,MK,False,2013,Male,Overall (15-74),29.0
North Macedonia,MKD,MK,False,2013,Total,Overall (15-74),29.0
North Macedonia,MKD,MK,False,2014,Female,Youth (15-24),55.0
North Macedonia,MKD,MK,False,2014,Male,Youth (15-24),52.0
North Macedonia,MKD,MK,False,2014,Total,Youth (15-24),53.1
North Macedonia,MKD,MK,False,2014,Female,Overall (15-74),28.6
North Macedonia,MKD,MK,False,2014,Male,Overall (15-74),27.7
North Macedonia,MKD,MK,False,2014,Total,Overall (15-74),28.0
North Macedonia,MKD,MK,False,2015,Female,Youth (15-24),43.3
North Macedonia,MKD,MK,False,2015,Male,Youth (15-24),49.7
North Macedonia,MKD,MK,False,2015,Total,Youth (15-24),47.3
North Macedonia,MKD,MK,False,2015,Female,Overall (15-74),25.1
North Macedonia,MKD,MK,False,2015,Male,Overall (15-74),26.8
North Macedonia,MKD,MK,False,2015,Total,Overall (15-74),26.1
North Macedonia,MKD,MK,False,2016,Female,Youth (15-24),48.8
North Macedonia,MKD,MK,False,2016,Male,Youth (15-24),47.9
North Macedonia,MKD,MK,False,2016,Total,Youth (15-24),48.2
North Macedonia,MKD,MK,False,2016,Female,Overall (15-74),22.8
North Macedonia,MKD,MK,False,2016,Male,Overall (15-74),24.4
North Macedonia,MKD,MK,False,2016,Total,Overall (15-74),23.7
North Macedonia,MKD,MK,False,2017,Female,Youth (15-24),48.6
North Macedonia,MKD,MK,False,2017,Male,Youth (15-24),45.7
North Macedonia,MKD,MK,False,2017,Total,Youth (15-24),46.7
North Macedonia,MKD,MK,False,2017,Female,Overall (15-74),21.8
North Macedonia,MKD,MK,False,2017,Male,Overall (15-74),22.8
North Macedonia,MKD,MK,False,2017,Total,Overall (15-74),22.4
North Macedonia,MKD,MK,False,2018,Female,Youth (15-24),43.2
North Macedonia,MKD,MK,False,2018,Male,Youth (15-24),46.6
North Macedonia,MKD,MK,False,2018,Total,Youth (15-24),45.4
North Macedonia,MKD,MK,False,2018,Female,Overall (15-74),19.9
North Macedonia,MKD,MK,False,2018,Male,Overall (15-74),21.3
North Macedonia,MKD,MK,False,2018,Total,Overall (15-74),20.8
North Macedonia,MKD,MK,False,2019,Female,Youth (15-24),38.9
North Macedonia,MKD,MK,False,2019,Male,Youth (15-24),33.4
North Macedonia,MKD,MK,False,2019,Total,Youth (15-24),35.6
North Macedonia,MKD,MK,False,2019,Female,Overall (15-74),18.4
North Macedonia,MKD,MK,False,2019,Male,Overall (15-74),16.5
North Macedonia,MKD,MK,False,2019,Total,Overall (15-74),17.3
North Macedonia,MKD,MK,False,2020,Female,Youth (15-24),38.6
North Macedonia,MKD,MK,False,2020,Male,Youth (15-24),34.0
North Macedonia,MKD,MK,False,2020,Total,Youth (15-24),35.7
North Macedonia,MKD,MK,False,2020,Female,Overall (15-74),15.9
North Macedonia,MKD,MK,False,2020,Male,Overall (15-74),16.7
North Macedonia,MKD,MK,False,2020,Total,Overall (15-74),16.4
North Macedonia,MKD,MK,False,2021,Female,Youth (15-24),39.7
North Macedonia,MKD,MK,False,2021,Male,Youth (15-24),34.1
North Macedonia,MKD,MK,False,2021,Total,Youth (15-24),36.1
North Macedonia,MKD,MK,False,2021,Female,Overall (15-74),13.7
North Macedonia,MKD,MK,False,2021,Male,Overall (15-74),16.7
North Macedonia,MKD,MK,False,2021,Total,Overall (15-74),15.5
North Macedonia,MKD,MK,False,2022,Female,Youth (15-24),38.2
North Macedonia,MKD,MK,False,2022,Male,Youth (15-24),29.7
North Macedonia,MKD,MK,False,2022,Total,Youth (15-24),32.7
North Macedonia,MKD,MK,False,2022,Female,Overall (15-74),12.5
North Macedonia,MKD,MK,False,2022,Male,Overall (15-74),15.7
North Macedonia,MKD,MK,False,2022,Total,Overall (15-74),14.4
North Macedonia,MKD,MK,False,2023,Female,Youth (15-24),30.6
North Macedonia,MKD,MK,False,2023,Male,Youth (15-24),28.8
North Macedonia,MKD,MK,False,2023,Total,Youth (15-24),29.4
North Macedonia,MKD,MK,False,2023,Female,Overall (15-74),11.4
North Macedonia,MKD,MK,False,2023,Male,Overall (15-74),14.3
North Macedonia,MKD,MK,False,2023,Total,Overall (15-74),13.1
North Macedonia,MKD,MK,False,2024,Female,Youth (15-24),27.8
North Macedonia,MKD,MK,False,2024,Male,Youth (15-24),29.6
North Macedonia,MKD,MK,False,2024,Total,Youth (15-24),28.9
North Macedonia,MKD,MK,False,2024,Female,Overall (15-74),11.0
North Macedonia,MKD,MK,False,2024,Male,Overall (15-74),13.3
North Macedonia,MKD,MK,False,2024,Total,Overall (15-74),12.3
North Macedonia,MKD,MK,False,2025,Female,Youth (15-24),27.5
North Macedonia,MKD,MK,False,2025,Male,Youth (15-24),30.6
North Macedonia,MKD,MK,False,2025,Total,Youth (15-24),29.4
North Macedonia,MKD,MK,False,2025,Female,Overall (15-74),10.6
North Macedonia,MKD,MK,False,2025,Male,Overall (15-74),12.2
North Macedonia,MKD,MK,False,2025,Total,Overall (15-74),11.5
Norway,NOR,NO,False,2009,Female,Youth (15-24),10.1
Norway,NOR,NO,False,2009,Male,Youth (15-24),11.9
Norway,NOR,NO,False,2009,Total,Youth (15-24),11.0
Norway,NOR,NO,False,2009,Female,Overall (15-74),3.0
Norway,NOR,NO,False,2009,Male,Overall (15-74),3.8
Norway,NOR,NO,False,2009,Total,Overall (15-74),3.4
Norway,NOR,NO,False,2010,Female,Youth (15-24),10.1
Norway,NOR,NO,False,2010,Male,Youth (15-24),13.6
Norway,NOR,NO,False,2010,Total,Youth (15-24),11.8
Norway,NOR,NO,False,2010,Female,Overall (15-74),3.3
Norway,NOR,NO,False,2010,Male,Overall (15-74),4.5
Norway,NOR,NO,False,2010,Total,Overall (15-74),4.0
Norway,NOR,NO,False,2011,Female,Youth (15-24),9.9
Norway,NOR,NO,False,2011,Male,Youth (15-24),11.5
Norway,NOR,NO,False,2011,Total,Youth (15-24),10.7
Norway,NOR,NO,False,2011,Female,Overall (15-74),3.4
Norway,NOR,NO,False,2011,Male,Overall (15-74),3.7
Norway,NOR,NO,False,2011,Total,Overall (15-74),3.6
Norway,NOR,NO,False,2012,Female,Youth (15-24),9.6
Norway,NOR,NO,False,2012,Male,Youth (15-24),11.7
Norway,NOR,NO,False,2012,Total,Youth (15-24),10.7
Norway,NOR,NO,False,2012,Female,Overall (15-74),3.1
Norway,NOR,NO,False,2012,Male,Overall (15-74),3.8
Norway,NOR,NO,False,2012,Total,Overall (15-74),3.5
Norway,NOR,NO,False,2013,Female,Youth (15-24),10.1
Norway,NOR,NO,False,2013,Male,Youth (15-24),12.8
Norway,NOR,NO,False,2013,Total,Youth (15-24),11.5
Norway,NOR,NO,False,2013,Female,Overall (15-74),3.7
Norway,NOR,NO,False,2013,Male,Overall (15-74),4.1
Norway,NOR,NO,False,2013,Total,Overall (15-74),3.9
Norway,NOR,NO,False,2014,Female,Youth (15-24),9.2
Norway,NOR,NO,False,2014,Male,Youth (15-24),10.7
Norway,NOR,NO,False,2014,Total,Youth (15-24),10.0
Norway,NOR,NO,False,2014,Female,Overall (15-74),3.6
Norway,NOR,NO,False,2014,Male,Overall (15-74),3.9
Norway,NOR,NO,False,2014,Total,Overall (15-74),3.8
Norway,NOR,NO,False,2015,Female,Youth (15-24),11.4
Norway,NOR,NO,False,2015,Male,Youth (15-24),13.1
Norway,NOR,NO,False,2015,Total,Youth (15-24),12.3
Norway,NOR,NO,False,2015,Female,Overall (15-74),4.3
Norway,NOR,NO,False,2015,Male,Overall (15-74),5.0
Norway,NOR,NO,False,2015,Total,Overall (15-74),4.7
Norway,NOR,NO,False,2016,Female,Youth (15-24),11.8
Norway,NOR,NO,False,2016,Male,Youth (15-24),14.3
Norway,NOR,NO,False,2016,Total,Youth (15-24),13.0
Norway,NOR,NO,False,2016,Female,Overall (15-74),4.2
Norway,NOR,NO,False,2016,Male,Overall (15-74),5.5
Norway,NOR,NO,False,2016,Total,Overall (15-74),4.9
Norway,NOR,NO,False,2017,Female,Youth (15-24),11.4
Norway,NOR,NO,False,2017,Male,Youth (15-24),13.7
Norway,NOR,NO,False,2017,Total,Youth (15-24),12.6
Norway,NOR,NO,False,2017,Female,Overall (15-74),4.0
Norway,NOR,NO,False,2017,Male,Overall (15-74),4.8
Norway,NOR,NO,False,2017,Total,Overall (15-74),4.4
Norway,NOR,NO,False,2018,Female,Youth (15-24),10.7
Norway,NOR,NO,False,2018,Male,Youth (15-24),12.0
Norway,NOR,NO,False,2018,Total,Youth (15-24),11.4
Norway,NOR,NO,False,2018,Female,Overall (15-74),3.8
Norway,NOR,NO,False,2018,Male,Overall (15-74),4.2
Norway,NOR,NO,False,2018,Total,Overall (15-74),4.0
Norway,NOR,NO,False,2019,Female,Youth (15-24),11.4
Norway,NOR,NO,False,2019,Male,Youth (15-24),11.9
Norway,NOR,NO,False,2019,Total,Youth (15-24),11.7
Norway,NOR,NO,False,2019,Female,Overall (15-74),3.6
Norway,NOR,NO,False,2019,Male,Overall (15-74),4.1
Norway,NOR,NO,False,2019,Total,Overall (15-74),3.9
Norway,NOR,NO,False,2020,Female,Youth (15-24),12.7
Norway,NOR,NO,False,2020,Male,Youth (15-24),13.7
Norway,NOR,NO,False,2020,Total,Youth (15-24),13.2
Norway,NOR,NO,False,2020,Female,Overall (15-74),4.5
Norway,NOR,NO,False,2020,Male,Overall (15-74),4.9
Norway,NOR,NO,False,2020,Total,Overall (15-74),4.7
Norway,NOR,NO,False,2021,Female,Youth (15-24),11.8
Norway,NOR,NO,False,2021,Male,Youth (15-24),13.4
Norway,NOR,NO,False,2021,Total,Youth (15-24),12.6
Norway,NOR,NO,False,2021,Female,Overall (15-74),4.2
Norway,NOR,NO,False,2021,Male,Overall (15-74),4.6
Norway,NOR,NO,False,2021,Total,Overall (15-74),4.4
Norway,NOR,NO,False,2022,Female,Youth (15-24),8.8
Norway,NOR,NO,False,2022,Male,Youth (15-24),11.2
Norway,NOR,NO,False,2022,Total,Youth (15-24),10.0
Norway,NOR,NO,False,2022,Female,Overall (15-74),3.1
Norway,NOR,NO,False,2022,Male,Overall (15-74),3.4
Norway,NOR,NO,False,2022,Total,Overall (15-74),3.2
Norway,NOR,NO,False,2023,Female,Youth (15-24),10.6
Norway,NOR,NO,False,2023,Male,Youth (15-24),11.4
Norway,NOR,NO,False,2023,Total,Youth (15-24),11.0
Norway,NOR,NO,False,2023,Female,Overall (15-74),3.5
Norway,NOR,NO,False,2023,Male,Overall (15-74),3.7
Norway,NOR,NO,False,2023,Total,Overall (15-74),3.6
Norway,NOR,NO,False,2024,Female,Youth (15-24),11.4
Norway,NOR,NO,False,2024,Male,Youth (15-24),12.7
Norway,NOR,NO,False,2024,Total,Youth (15-24),12.1
Norway,NOR,NO,False,2024,Female,Overall (15-74),3.8
Norway,NOR,NO,False,2024,Male,Overall (15-74),4.2
Norway,NOR,NO,False,2024,Total,Overall (15-74),4.0
Norway,NOR,NO,False,2025,Female,Youth (15-24),12.8
Norway,NOR,NO,False,2025,Male,Youth (15-24),15.3
Norway,NOR,NO,False,2025,Total,Youth (15-24),14.0
Norway,NOR,NO,False,2025,Female,Overall (15-74),4.1
Norway,NOR,NO,False,2025,Male,Overall (15-74),4.9
Norway,NOR,NO,False,2025,Total,Overall (15-74),4.5
Poland,POL,PL,True,2009,Female,Youth (15-24),21.3
Poland,POL,PL,True,2009,Male,Youth (15-24),20.7
Poland,POL,PL,True,2009,Total,Youth (15-24),21.0
Poland,POL,PL,True,2009,Female,Overall (15-74),9.0
Poland,POL,PL,True,2009,Male,Overall (15-74),8.1
Poland,POL,PL,True,2009,Total,Overall (15-74),8.5
Poland,POL,PL,True,2010,Female,Youth (15-24),25.4
Poland,POL,PL,True,2010,Male,Youth (15-24),22.9
Poland,POL,PL,True,2010,Total,Youth (15-24),24.0
Poland,POL,PL,True,2010,Female,Overall (15-74),10.3
Poland,POL,PL,True,2010,Male,Overall (15-74),9.7
Poland,POL,PL,True,2010,Total,Overall (15-74),10.0
Poland,POL,PL,True,2011,Female,Youth (15-24),28.6
Poland,POL,PL,True,2011,Male,Youth (15-24),24.2
Poland,POL,PL,True,2011,Total,Youth (15-24),26.0
Poland,POL,PL,True,2011,Female,Overall (15-74),10.7
Poland,POL,PL,True,2011,Male,Overall (15-74),9.4
Poland,POL,PL,True,2011,Total,Overall (15-74),10.0
Poland,POL,PL,True,2012,Female,Youth (15-24),30.0
Poland,POL,PL,True,2012,Male,Youth (15-24),24.5
Poland,POL,PL,True,2012,Total,Youth (15-24),26.8
Poland,POL,PL,True,2012,Female,Overall (15-74),11.2
Poland,POL,PL,True,2012,Male,Overall (15-74),9.7
Poland,POL,PL,True,2012,Total,Overall (15-74),10.4
Poland,POL,PL,True,2013,Female,Youth (15-24),30.2
Poland,POL,PL,True,2013,Male,Youth (15-24),25.8
Poland,POL,PL,True,2013,Total,Youth (15-24),27.6
Poland,POL,PL,True,2013,Female,Overall (15-74),11.4
Poland,POL,PL,True,2013,Male,Overall (15-74),10.0
Poland,POL,PL,True,2013,Total,Overall (15-74),10.6
Poland,POL,PL,True,2014,Female,Youth (15-24),25.6
Poland,POL,PL,True,2014,Male,Youth (15-24),23.1
Poland,POL,PL,True,2014,Total,Youth (15-24),24.1
Poland,POL,PL,True,2014,Female,Overall (15-74),9.8
Poland,POL,PL,True,2014,Male,Overall (15-74),8.7
Poland,POL,PL,True,2014,Total,Overall (15-74),9.2
Poland,POL,PL,True,2015,Female,Youth (15-24),21.0
Poland,POL,PL,True,2015,Male,Youth (15-24),20.9
Poland,POL,PL,True,2015,Total,Youth (15-24),21.0
Poland,POL,PL,True,2015,Female,Overall (15-74),7.8
Poland,POL,PL,True,2015,Male,Overall (15-74),7.5
Poland,POL,PL,True,2015,Total,Overall (15-74),7.7
Poland,POL,PL,True,2016,Female,Youth (15-24),18.1
Poland,POL,PL,True,2016,Male,Youth (15-24),17.7
Poland,POL,PL,True,2016,Total,Youth (15-24),17.8
Poland,POL,PL,True,2016,Female,Overall (15-74),6.3
Poland,POL,PL,True,2016,Male,Overall (15-74),6.2
Poland,POL,PL,True,2016,Total,Overall (15-74),6.3
Poland,POL,PL,True,2017,Female,Youth (15-24),15.1
Poland,POL,PL,True,2017,Male,Youth (15-24),14.8
Poland,POL,PL,True,2017,Total,Youth (15-24),14.9
Poland,POL,PL,True,2017,Female,Overall (15-74),5.0
Poland,POL,PL,True,2017,Male,Overall (15-74),5.0
Poland,POL,PL,True,2017,Total,Overall (15-74),5.0
Poland,POL,PL,True,2018,Female,Youth (15-24),12.1
Poland,POL,PL,True,2018,Male,Youth (15-24),11.6
Poland,POL,PL,True,2018,Total,Youth (15-24),11.8
Poland,POL,PL,True,2018,Female,Overall (15-74),3.9
Poland,POL,PL,True,2018,Male,Overall (15-74),3.9
Poland,POL,PL,True,2018,Total,Overall (15-74),3.9
Poland,POL,PL,True,2019,Female,Youth (15-24),9.8
Poland,POL,PL,True,2019,Male,Youth (15-24),9.6
Poland,POL,PL,True,2019,Total,Youth (15-24),9.7
Poland,POL,PL,True,2019,Female,Overall (15-74),3.6
Poland,POL,PL,True,2019,Male,Overall (15-74),3.0
Poland,POL,PL,True,2019,Total,Overall (15-74),3.3
Poland,POL,PL,True,2020,Female,Youth (15-24),11.4
Poland,POL,PL,True,2020,Male,Youth (15-24),10.4
Poland,POL,PL,True,2020,Total,Youth (15-24),10.8
Poland,POL,PL,True,2020,Female,Overall (15-74),3.3
Poland,POL,PL,True,2020,Male,Overall (15-74),3.1
Poland,POL,PL,True,2020,Total,Overall (15-74),3.2
Poland,POL,PL,True,2021,Female,Youth (15-24),12.3
Poland,POL,PL,True,2021,Male,Youth (15-24),11.6
Poland,POL,PL,True,2021,Total,Youth (15-24),11.9
Poland,POL,PL,True,2021,Female,Overall (15-74),3.4
Poland,POL,PL,True,2021,Male,Overall (15-74),3.4
Poland,POL,PL,True,2021,Total,Overall (15-74),3.4
Poland,POL,PL,True,2022,Female,Youth (15-24),11.2
Poland,POL,PL,True,2022,Male,Youth (15-24),10.5
Poland,POL,PL,True,2022,Total,Youth (15-24),10.8
Poland,POL,PL,True,2022,Female,Overall (15-74),2.9
Poland,POL,PL,True,2022,Male,Overall (15-74),2.8
Poland,POL,PL,True,2022,Total,Overall (15-74),2.9
Poland,POL,PL,True,2023,Female,Youth (15-24),11.1
Poland,POL,PL,True,2023,Male,Youth (15-24),11.6
Poland,POL,PL,True,2023,Total,Youth (15-24),11.4
Poland,POL,PL,True,2023,Female,Overall (15-74),2.9
Poland,POL,PL,True,2023,Male,Overall (15-74),2.8
Poland,POL,PL,True,2023,Total,Overall (15-74),2.8
Poland,POL,PL,True,2024,Female,Youth (15-24),10.9
Poland,POL,PL,True,2024,Male,Youth (15-24),10.7
Poland,POL,PL,True,2024,Total,Youth (15-24),10.8
Poland,POL,PL,True,2024,Female,Overall (15-74),3.1
Poland,POL,PL,True,2024,Male,Overall (15-74),2.7
Poland,POL,PL,True,2024,Total,Overall (15-74),2.9
Poland,POL,PL,True,2025,Female,Youth (15-24),13.6
Poland,POL,PL,True,2025,Male,Youth (15-24),11.0
Poland,POL,PL,True,2025,Total,Youth (15-24),12.2
Poland,POL,PL,True,2025,Female,Overall (15-74),3.4
Poland,POL,PL,True,2025,Male,Overall (15-74),2.9
Poland,POL,PL,True,2025,Total,Overall (15-74),3.1
Portugal,PRT,PT,True,2009,Female,Youth (15-24),26.2
Portugal,PRT,PT,True,2009,Male,Youth (15-24),24.5
Portugal,PRT,PT,True,2009,Total,Youth (15-24),25.3
Portugal,PRT,PT,True,2009,Female,Overall (15-74),11.0
Portugal,PRT,PT,True,2009,Male,Overall (15-74),11.4
Portugal,PRT,PT,True,2009,Total,Overall (15-74),11.2
Portugal,PRT,PT,True,2010,Female,Youth (15-24),28.7
Portugal,PRT,PT,True,2010,Male,Youth (15-24),27.3
Portugal,PRT,PT,True,2010,Total,Youth (15-24),28.0
Portugal,PRT,PT,True,2010,Female,Overall (15-74),12.9
Portugal,PRT,PT,True,2010,Male,Overall (15-74),12.4
Portugal,PRT,PT,True,2010,Total,Overall (15-74),12.6
Portugal,PRT,PT,True,2011,Female,Youth (15-24),31.7
Portugal,PRT,PT,True,2011,Male,Youth (15-24),29.2
Portugal,PRT,PT,True,2011,Total,Youth (15-24),30.4
Portugal,PRT,PT,True,2011,Female,Overall (15-74),13.9
Portugal,PRT,PT,True,2011,Male,Overall (15-74),13.2
Portugal,PRT,PT,True,2011,Total,Overall (15-74),13.5
Portugal,PRT,PT,True,2012,Female,Youth (15-24),39.4
Portugal,PRT,PT,True,2012,Male,Youth (15-24),37.2
Portugal,PRT,PT,True,2012,Total,Youth (15-24),38.2
Portugal,PRT,PT,True,2012,Female,Overall (15-74),16.4
Portugal,PRT,PT,True,2012,Male,Overall (15-74),16.7
Portugal,PRT,PT,True,2012,Total,Overall (15-74),16.6
Portugal,PRT,PT,True,2013,Female,Youth (15-24),40.1
Portugal,PRT,PT,True,2013,Male,Youth (15-24),37.3
Portugal,PRT,PT,True,2013,Total,Youth (15-24),38.6
Portugal,PRT,PT,True,2013,Female,Overall (15-74),17.3
Portugal,PRT,PT,True,2013,Male,Overall (15-74),17.2
Portugal,PRT,PT,True,2013,Total,Overall (15-74),17.2
Portugal,PRT,PT,True,2014,Female,Youth (15-24),35.0
Portugal,PRT,PT,True,2014,Male,Youth (15-24),34.4
Portugal,PRT,PT,True,2014,Total,Youth (15-24),34.7
Portugal,PRT,PT,True,2014,Female,Overall (15-74),14.8
Portugal,PRT,PT,True,2014,Male,Overall (15-74),14.4
Portugal,PRT,PT,True,2014,Total,Overall (15-74),14.6
Portugal,PRT,PT,True,2015,Female,Youth (15-24),34.1
Portugal,PRT,PT,True,2015,Male,Youth (15-24),29.7
Portugal,PRT,PT,True,2015,Total,Youth (15-24),31.8
Portugal,PRT,PT,True,2015,Female,Overall (15-74),13.1
Portugal,PRT,PT,True,2015,Male,Overall (15-74),12.8
Portugal,PRT,PT,True,2015,Total,Overall (15-74),13.0
Portugal,PRT,PT,True,2016,Female,Youth (15-24),28.6
Portugal,PRT,PT,True,2016,Male,Youth (15-24),27.2
Portugal,PRT,PT,True,2016,Total,Youth (15-24),27.8
Portugal,PRT,PT,True,2016,Female,Overall (15-74),11.4
Portugal,PRT,PT,True,2016,Male,Overall (15-74),11.6
Portugal,PRT,PT,True,2016,Total,Overall (15-74),11.5
Portugal,PRT,PT,True,2017,Female,Youth (15-24),25.4
Portugal,PRT,PT,True,2017,Male,Youth (15-24),22.4
Portugal,PRT,PT,True,2017,Total,Youth (15-24),23.8
Portugal,PRT,PT,True,2017,Female,Overall (15-74),9.6
Portugal,PRT,PT,True,2017,Male,Overall (15-74),8.8
Portugal,PRT,PT,True,2017,Total,Overall (15-74),9.2
Portugal,PRT,PT,True,2018,Female,Youth (15-24),20.4
Portugal,PRT,PT,True,2018,Male,Youth (15-24),20.1
Portugal,PRT,PT,True,2018,Total,Youth (15-24),20.2
Portugal,PRT,PT,True,2018,Female,Overall (15-74),7.6
Portugal,PRT,PT,True,2018,Male,Overall (15-74),6.9
Portugal,PRT,PT,True,2018,Total,Overall (15-74),7.2
Portugal,PRT,PT,True,2019,Female,Youth (15-24),21.4
Portugal,PRT,PT,True,2019,Male,Youth (15-24),15.8
Portugal,PRT,PT,True,2019,Total,Youth (15-24),18.4
Portugal,PRT,PT,True,2019,Female,Overall (15-74),7.2
Portugal,PRT,PT,True,2019,Male,Overall (15-74),6.0
Portugal,PRT,PT,True,2019,Total,Overall (15-74),6.6
Portugal,PRT,PT,True,2020,Female,Youth (15-24),24.0
Portugal,PRT,PT,True,2020,Male,Youth (15-24),21.1
Portugal,PRT,PT,True,2020,Total,Youth (15-24),22.4
Portugal,PRT,PT,True,2020,Female,Overall (15-74),7.2
Portugal,PRT,PT,True,2020,Male,Overall (15-74),6.9
Portugal,PRT,PT,True,2020,Total,Overall (15-74),7.1
Portugal,PRT,PT,True,2021,Female,Youth (15-24),26.7
Portugal,PRT,PT,True,2021,Male,Youth (15-24),20.9
Portugal,PRT,PT,True,2021,Total,Youth (15-24),23.4
Portugal,PRT,PT,True,2021,Female,Overall (15-74),7.0
Portugal,PRT,PT,True,2021,Male,Overall (15-74),6.5
Portugal,PRT,PT,True,2021,Total,Overall (15-74),6.7
Portugal,PRT,PT,True,2022,Female,Youth (15-24),20.5
Portugal,PRT,PT,True,2022,Male,Youth (15-24),18.1
Portugal,PRT,PT,True,2022,Total,Youth (15-24),19.2
Portugal,PRT,PT,True,2022,Female,Overall (15-74),6.6
Portugal,PRT,PT,True,2022,Male,Overall (15-74),5.8
Portugal,PRT,PT,True,2022,Total,Overall (15-74),6.2
Portugal,PRT,PT,True,2023,Female,Youth (15-24),20.1
Portugal,PRT,PT,True,2023,Male,Youth (15-24),20.8
Portugal,PRT,PT,True,2023,Total,Youth (15-24),20.5
Portugal,PRT,PT,True,2023,Female,Overall (15-74),6.9
Portugal,PRT,PT,True,2023,Male,Overall (15-74),6.2
Portugal,PRT,PT,True,2023,Total,Overall (15-74),6.5
Portugal,PRT,PT,True,2024,Female,Youth (15-24),22.4
Portugal,PRT,PT,True,2024,Male,Youth (15-24),20.9
Portugal,PRT,PT,True,2024,Total,Youth (15-24),21.6
Portugal,PRT,PT,True,2024,Female,Overall (15-74),6.9
Portugal,PRT,PT,True,2024,Male,Overall (15-74),6.1
Portugal,PRT,PT,True,2024,Total,Overall (15-74),6.5
Portugal,PRT,PT,True,2025,Female,Youth (15-24),21.6
Portugal,PRT,PT,True,2025,Male,Youth (15-24),17.6
Portugal,PRT,PT,True,2025,Total,Youth (15-24),19.5
Portugal,PRT,PT,True,2025,Female,Overall (15-74),6.5
Portugal,PRT,PT,True,2025,Male,Overall (15-74),5.6
Portugal,PRT,PT,True,2025,Total,Overall (15-74),6.0
Romania,ROU,RO,True,2009,Female,Youth (15-24),24.2
Romania,ROU,RO,True,2009,Male,Youth (15-24),25.1
Romania,ROU,RO,True,2009,Total,Youth (15-24),24.8
Romania,ROU,RO,True,2009,Female,Overall (15-74),7.3
Romania,ROU,RO,True,2009,Male,Overall (15-74),9.2
Romania,ROU,RO,True,2009,Total,Overall (15-74),8.4
Romania,ROU,RO,True,2010,Female,Youth (15-24),28.1
Romania,ROU,RO,True,2010,Male,Youth (15-24),27.9
Romania,ROU,RO,True,2010,Total,Youth (15-24),28.0
Romania,ROU,RO,True,2010,Female,Overall (15-74),8.3
Romania,ROU,RO,True,2010,Male,Overall (15-74),9.5
Romania,ROU,RO,True,2010,Total,Overall (15-74),9.0
Romania,ROU,RO,True,2011,Female,Youth (15-24),29.5
Romania,ROU,RO,True,2011,Male,Youth (15-24),29.3
Romania,ROU,RO,True,2011,Total,Youth (15-24),29.4
Romania,ROU,RO,True,2011,Female,Overall (15-74),8.5
Romania,ROU,RO,True,2011,Male,Overall (15-74),9.5
Romania,ROU,RO,True,2011,Total,Overall (15-74),9.1
Romania,ROU,RO,True,2012,Female,Youth (15-24),29.1
Romania,ROU,RO,True,2012,Male,Youth (15-24),27.6
Romania,ROU,RO,True,2012,Total,Youth (15-24),28.2
Romania,ROU,RO,True,2012,Female,Overall (15-74),8.1
Romania,ROU,RO,True,2012,Male,Overall (15-74),9.2
Romania,ROU,RO,True,2012,Total,Overall (15-74),8.7
Romania,ROU,RO,True,2013,Female,Youth (15-24),31.1
Romania,ROU,RO,True,2013,Male,Youth (15-24),28.7
Romania,ROU,RO,True,2013,Total,Youth (15-24),29.6
Romania,ROU,RO,True,2013,Female,Overall (15-74),8.3
Romania,ROU,RO,True,2013,Male,Overall (15-74),9.5
Romania,ROU,RO,True,2013,Total,Overall (15-74),9.0
Romania,ROU,RO,True,2014,Female,Youth (15-24),31.1
Romania,ROU,RO,True,2014,Male,Youth (15-24),29.4
Romania,ROU,RO,True,2014,Total,Youth (15-24),30.0
Romania,ROU,RO,True,2014,Female,Overall (15-74),7.9
Romania,ROU,RO,True,2014,Male,Overall (15-74),9.1
Romania,ROU,RO,True,2014,Total,Overall (15-74),8.6
Romania,ROU,RO,True,2015,Female,Youth (15-24),29.4
Romania,ROU,RO,True,2015,Male,Youth (15-24),26.0
Romania,ROU,RO,True,2015,Total,Youth (15-24),27.3
Romania,ROU,RO,True,2015,Female,Overall (15-74),7.4
Romania,ROU,RO,True,2015,Male,Overall (15-74),9.1
Romania,ROU,RO,True,2015,Total,Overall (15-74),8.4
Romania,ROU,RO,True,2016,Female,Youth (15-24),27.3
Romania,ROU,RO,True,2016,Male,Youth (15-24),25.0
Romania,ROU,RO,True,2016,Total,Youth (15-24),25.9
Romania,ROU,RO,True,2016,Female,Overall (15-74),6.2
Romania,ROU,RO,True,2016,Male,Overall (15-74),7.9
Romania,ROU,RO,True,2016,Total,Overall (15-74),7.2
Romania,ROU,RO,True,2017,Female,Youth (15-24),23.1
Romania,ROU,RO,True,2017,Male,Youth (15-24),22.9
Romania,ROU,RO,True,2017,Total,Youth (15-24),23.0
Romania,ROU,RO,True,2017,Female,Overall (15-74),5.1
Romania,ROU,RO,True,2017,Male,Overall (15-74),6.8
Romania,ROU,RO,True,2017,Total,Overall (15-74),6.1
Romania,ROU,RO,True,2018,Female,Youth (15-24),20.7
Romania,ROU,RO,True,2018,Male,Youth (15-24),20.4
Romania,ROU,RO,True,2018,Total,Youth (15-24),20.5
Romania,ROU,RO,True,2018,Female,Overall (15-74),4.5
Romania,ROU,RO,True,2018,Male,Overall (15-74),5.8
Romania,ROU,RO,True,2018,Total,Overall (15-74),5.3
Romania,ROU,RO,True,2019,Female,Youth (15-24),22.0
Romania,ROU,RO,True,2019,Male,Youth (15-24),20.4
Romania,ROU,RO,True,2019,Total,Youth (15-24),21.0
Romania,ROU,RO,True,2019,Female,Overall (15-74),4.3
Romania,ROU,RO,True,2019,Male,Overall (15-74),5.3
Romania,ROU,RO,True,2019,Total,Overall (15-74),4.9
Romania,ROU,RO,True,2020,Female,Youth (15-24),20.8
Romania,ROU,RO,True,2020,Male,Youth (15-24),22.1
Romania,ROU,RO,True,2020,Total,Youth (15-24),21.6
Romania,ROU,RO,True,2020,Female,Overall (15-74),5.7
Romania,ROU,RO,True,2020,Male,Overall (15-74),6.3
Romania,ROU,RO,True,2020,Total,Overall (15-74),6.1
Romania,ROU,RO,True,2021,Female,Youth (15-24),21.2
Romania,ROU,RO,True,2021,Male,Youth (15-24),20.9
Romania,ROU,RO,True,2021,Total,Youth (15-24),21.0
Romania,ROU,RO,True,2021,Female,Overall (15-74),5.1
Romania,ROU,RO,True,2021,Male,Overall (15-74),6.0
Romania,ROU,RO,True,2021,Total,Overall (15-74),5.6
Romania,ROU,RO,True,2022,Female,Youth (15-24),24.9
Romania,ROU,RO,True,2022,Male,Youth (15-24),21.6
Romania,ROU,RO,True,2022,Total,Youth (15-24),22.8
Romania,ROU,RO,True,2022,Female,Overall (15-74),5.1
Romania,ROU,RO,True,2022,Male,Overall (15-74),6.0
Romania,ROU,RO,True,2022,Total,Overall (15-74),5.6
Romania,ROU,RO,True,2023,Female,Youth (15-24),22.2
Romania,ROU,RO,True,2023,Male,Youth (15-24),21.5
Romania,ROU,RO,True,2023,Total,Youth (15-24),21.8
Romania,ROU,RO,True,2023,Female,Overall (15-74),5.1
Romania,ROU,RO,True,2023,Male,Overall (15-74),5.9
Romania,ROU,RO,True,2023,Total,Overall (15-74),5.6
Romania,ROU,RO,True,2024,Female,Youth (15-24),25.1
Romania,ROU,RO,True,2024,Male,Youth (15-24),23.2
Romania,ROU,RO,True,2024,Total,Youth (15-24),23.9
Romania,ROU,RO,True,2024,Female,Overall (15-74),5.1
Romania,ROU,RO,True,2024,Male,Overall (15-74),5.7
Romania,ROU,RO,True,2024,Total,Overall (15-74),5.4
Romania,ROU,RO,True,2025,Female,Youth (15-24),27.8
Romania,ROU,RO,True,2025,Male,Youth (15-24),25.0
Romania,ROU,RO,True,2025,Total,Youth (15-24),26.1
Romania,ROU,RO,True,2025,Female,Overall (15-74),6.0
Romania,ROU,RO,True,2025,Male,Overall (15-74),6.2
Romania,ROU,RO,True,2025,Total,Overall (15-74),6.1
Serbia,SRB,RS,False,2010,Female,Youth (15-24),50.1
Serbia,SRB,RS,False,2010,Male,Youth (15-24),47.4
Serbia,SRB,RS,False,2010,Total,Youth (15-24),48.4
Serbia,SRB,RS,False,2010,Female,Overall (15-74),22.7
Serbia,SRB,RS,False,2010,Male,Overall (15-74),19.9
Serbia,SRB,RS,False,2010,Total,Overall (15-74),21.1
Serbia,SRB,RS,False,2011,Female,Youth (15-24),60.0
Serbia,SRB,RS,False,2011,Male,Youth (15-24),49.4
Serbia,SRB,RS,False,2011,Total,Youth (15-24),53.1
Serbia,SRB,RS,False,2011,Female,Overall (15-74),26.3
Serbia,SRB,RS,False,2011,Male,Overall (15-74),24.0
Serbia,SRB,RS,False,2011,Total,Overall (15-74),25.0
Serbia,SRB,RS,False,2012,Female,Youth (15-24),59.7
Serbia,SRB,RS,False,2012,Male,Youth (15-24),49.7
Serbia,SRB,RS,False,2012,Total,Youth (15-24),53.2
Serbia,SRB,RS,False,2012,Female,Overall (15-74),27.6
Serbia,SRB,RS,False,2012,Male,Overall (15-74),24.9
Serbia,SRB,RS,False,2012,Total,Overall (15-74),26.0
Serbia,SRB,RS,False,2013,Female,Youth (15-24),60.2
Serbia,SRB,RS,False,2013,Male,Youth (15-24),46.5
Serbia,SRB,RS,False,2013,Total,Youth (15-24),51.7
Serbia,SRB,RS,False,2013,Female,Overall (15-74),26.5
Serbia,SRB,RS,False,2013,Male,Overall (15-74),22.5
Serbia,SRB,RS,False,2013,Total,Overall (15-74),24.2
Serbia,SRB,RS,False,2014,Female,Youth (15-24),52.3
Serbia,SRB,RS,False,2014,Male,Youth (15-24),47.2
Serbia,SRB,RS,False,2014,Total,Youth (15-24),49.1
Serbia,SRB,RS,False,2014,Female,Overall (15-74),21.9
Serbia,SRB,RS,False,2014,Male,Overall (15-74),19.7
Serbia,SRB,RS,False,2014,Total,Overall (15-74),20.7
Serbia,SRB,RS,False,2015,Female,Youth (15-24),50.5
Serbia,SRB,RS,False,2015,Male,Youth (15-24),41.1
Serbia,SRB,RS,False,2015,Total,Youth (15-24),44.6
Serbia,SRB,RS,False,2015,Female,Overall (15-74),20.2
Serbia,SRB,RS,False,2015,Male,Overall (15-74),18.1
Serbia,SRB,RS,False,2015,Total,Overall (15-74),19.0
Serbia,SRB,RS,False,2016,Female,Youth (15-24),41.4
Serbia,SRB,RS,False,2016,Male,Youth (15-24),33.1
Serbia,SRB,RS,False,2016,Total,Youth (15-24),36.2
Serbia,SRB,RS,False,2016,Female,Overall (15-74),17.4
Serbia,SRB,RS,False,2016,Male,Overall (15-74),15.8
Serbia,SRB,RS,False,2016,Total,Overall (15-74),16.5
Serbia,SRB,RS,False,2017,Female,Youth (15-24),38.1
Serbia,SRB,RS,False,2017,Male,Youth (15-24),30.0
Serbia,SRB,RS,False,2017,Total,Youth (15-24),33.1
Serbia,SRB,RS,False,2017,Female,Overall (15-74),15.5
Serbia,SRB,RS,False,2017,Male,Overall (15-74),13.9
Serbia,SRB,RS,False,2017,Total,Overall (15-74),14.6
Serbia,SRB,RS,False,2018,Female,Youth (15-24),33.7
Serbia,SRB,RS,False,2018,Male,Youth (15-24),29.2
Serbia,SRB,RS,False,2018,Total,Youth (15-24),30.9
Serbia,SRB,RS,False,2018,Female,Overall (15-74),14.8
Serbia,SRB,RS,False,2018,Male,Overall (15-74),12.9
Serbia,SRB,RS,False,2018,Total,Overall (15-74),13.8
Serbia,SRB,RS,False,2019,Female,Youth (15-24),32.2
Serbia,SRB,RS,False,2019,Male,Youth (15-24),27.6
Serbia,SRB,RS,False,2019,Total,Youth (15-24),29.3
Serbia,SRB,RS,False,2019,Female,Overall (15-74),12.1
Serbia,SRB,RS,False,2019,Male,Overall (15-74),10.8
Serbia,SRB,RS,False,2019,Total,Overall (15-74),11.4
Serbia,SRB,RS,False,2020,Female,Youth (15-24),31.0
Serbia,SRB,RS,False,2020,Male,Youth (15-24),25.3
Serbia,SRB,RS,False,2020,Total,Youth (15-24),27.3
Serbia,SRB,RS,False,2020,Female,Overall (15-74),10.3
Serbia,SRB,RS,False,2020,Male,Overall (15-74),9.4
Serbia,SRB,RS,False,2020,Total,Overall (15-74),9.8
Serbia,SRB,RS,False,2021,Female,Youth (15-24),28.9
Serbia,SRB,RS,False,2021,Male,Youth (15-24),24.2
Serbia,SRB,RS,False,2021,Total,Youth (15-24),26.0
Serbia,SRB,RS,False,2021,Female,Overall (15-74),12.2
Serbia,SRB,RS,False,2021,Male,Overall (15-74),10.3
Serbia,SRB,RS,False,2021,Total,Overall (15-74),11.2
Serbia,SRB,RS,False,2022,Female,Youth (15-24),26.0
Serbia,SRB,RS,False,2022,Male,Youth (15-24),23.3
Serbia,SRB,RS,False,2022,Total,Youth (15-24),24.3
Serbia,SRB,RS,False,2022,Female,Overall (15-74),10.1
Serbia,SRB,RS,False,2022,Male,Overall (15-74),9.1
Serbia,SRB,RS,False,2022,Total,Overall (15-74),9.6
Serbia,SRB,RS,False,2023,Female,Youth (15-24),27.0
Serbia,SRB,RS,False,2023,Male,Youth (15-24),23.8
Serbia,SRB,RS,False,2023,Total,Youth (15-24),25.0
Serbia,SRB,RS,False,2023,Female,Overall (15-74),9.9
Serbia,SRB,RS,False,2023,Male,Overall (15-74),9.1
Serbia,SRB,RS,False,2023,Total,Overall (15-74),9.5
Serbia,SRB,RS,False,2024,Female,Youth (15-24),23.1
Serbia,SRB,RS,False,2024,Male,Youth (15-24),23.0
Serbia,SRB,RS,False,2024,Total,Youth (15-24),23.0
Serbia,SRB,RS,False,2024,Female,Overall (15-74),8.9
Serbia,SRB,RS,False,2024,Male,Overall (15-74),8.4
Serbia,SRB,RS,False,2024,Total,Overall (15-74),8.6
Serbia,SRB,RS,False,2025,Female,Youth (15-24),25.5
Serbia,SRB,RS,False,2025,Male,Youth (15-24),22.1
Serbia,SRB,RS,False,2025,Total,Youth (15-24),23.4
Serbia,SRB,RS,False,2025,Female,Overall (15-74),9.1
Serbia,SRB,RS,False,2025,Male,Overall (15-74),8.4
Serbia,SRB,RS,False,2025,Total,Overall (15-74),8.7
Slovakia,SVK,SK,True,2009,Female,Youth (15-24),29.1
Slovakia,SVK,SK,True,2009,Male,Youth (15-24),28.1
Slovakia,SVK,SK,True,2009,Total,Youth (15-24),28.5
Slovakia,SVK,SK,True,2009,Female,Overall (15-74),13.0
Slovakia,SVK,SK,True,2009,Male,Overall (15-74),11.2
Slovakia,SVK,SK,True,2009,Total,Overall (15-74),12.0
Slovakia,SVK,SK,True,2010,Female,Youth (15-24),34.8
Slovakia,SVK,SK,True,2010,Male,Youth (15-24),35.0
Slovakia,SVK,SK,True,2010,Total,Youth (15-24),34.9
Slovakia,SVK,SK,True,2010,Female,Overall (15-74),14.8
Slovakia,SVK,SK,True,2010,Male,Overall (15-74),13.9
Slovakia,SVK,SK,True,2010,Total,Overall (15-74),14.3
Slovakia,SVK,SK,True,2011,Female,Youth (15-24),36.8
Slovakia,SVK,SK,True,2011,Male,Youth (15-24),33.5
Slovakia,SVK,SK,True,2011,Total,Youth (15-24),34.8
Slovakia,SVK,SK,True,2011,Female,Overall (15-74),13.8
Slovakia,SVK,SK,True,2011,Male,Overall (15-74),13.3
Slovakia,SVK,SK,True,2011,Total,Overall (15-74),13.5
Slovakia,SVK,SK,True,2012,Female,Youth (15-24),35.4
Slovakia,SVK,SK,True,2012,Male,Youth (15-24),35.3
Slovakia,SVK,SK,True,2012,Total,Youth (15-24),35.3
Slovakia,SVK,SK,True,2012,Female,Overall (15-74),14.7
Slovakia,SVK,SK,True,2012,Male,Overall (15-74),13.2
Slovakia,SVK,SK,True,2012,Total,Overall (15-74),13.9
Slovakia,SVK,SK,True,2013,Female,Youth (15-24),34.4
Slovakia,SVK,SK,True,2013,Male,Youth (15-24),35.3
Slovakia,SVK,SK,True,2013,Total,Youth (15-24),34.9
Slovakia,SVK,SK,True,2013,Female,Overall (15-74),14.7
Slovakia,SVK,SK,True,2013,Male,Overall (15-74),13.7
Slovakia,SVK,SK,True,2013,Total,Overall (15-74),14.1
Slovakia,SVK,SK,True,2014,Female,Youth (15-24),32.9
Slovakia,SVK,SK,True,2014,Male,Youth (15-24),29.8
Slovakia,SVK,SK,True,2014,Total,Youth (15-24),31.0
Slovakia,SVK,SK,True,2014,Female,Overall (15-74),13.7
Slovakia,SVK,SK,True,2014,Male,Overall (15-74),12.5
Slovakia,SVK,SK,True,2014,Total,Overall (15-74),13.1
Slovakia,SVK,SK,True,2015,Female,Youth (15-24),30.2
Slovakia,SVK,SK,True,2015,Male,Youth (15-24),26.1
Slovakia,SVK,SK,True,2015,Total,Youth (15-24),27.7
Slovakia,SVK,SK,True,2015,Female,Overall (15-74),13.0
Slovakia,SVK,SK,True,2015,Male,Overall (15-74),10.1
Slovakia,SVK,SK,True,2015,Total,Overall (15-74),11.5
Slovakia,SVK,SK,True,2016,Female,Youth (15-24),28.9
Slovakia,SVK,SK,True,2016,Male,Youth (15-24),20.0
Slovakia,SVK,SK,True,2016,Total,Youth (15-24),23.4
Slovakia,SVK,SK,True,2016,Female,Overall (15-74),10.9
Slovakia,SVK,SK,True,2016,Male,Overall (15-74),8.6
Slovakia,SVK,SK,True,2016,Total,Overall (15-74),9.6
Slovakia,SVK,SK,True,2017,Female,Youth (15-24),22.3
Slovakia,SVK,SK,True,2017,Male,Youth (15-24),18.3
Slovakia,SVK,SK,True,2017,Total,Youth (15-24),20.0
Slovakia,SVK,SK,True,2017,Female,Overall (15-74),8.5
Slovakia,SVK,SK,True,2017,Male,Overall (15-74),7.7
Slovakia,SVK,SK,True,2017,Total,Overall (15-74),8.1
Slovakia,SVK,SK,True,2018,Female,Youth (15-24),18.0
Slovakia,SVK,SK,True,2018,Male,Youth (15-24),14.4
Slovakia,SVK,SK,True,2018,Total,Youth (15-24),15.8
Slovakia,SVK,SK,True,2018,Female,Overall (15-74),7.1
Slovakia,SVK,SK,True,2018,Male,Overall (15-74),6.0
Slovakia,SVK,SK,True,2018,Total,Overall (15-74),6.5
Slovakia,SVK,SK,True,2019,Female,Youth (15-24),21.9
Slovakia,SVK,SK,True,2019,Male,Youth (15-24),14.2
Slovakia,SVK,SK,True,2019,Total,Youth (15-24),17.1
Slovakia,SVK,SK,True,2019,Female,Overall (15-74),6.0
Slovakia,SVK,SK,True,2019,Male,Overall (15-74),5.5
Slovakia,SVK,SK,True,2019,Total,Overall (15-74),5.7
Slovakia,SVK,SK,True,2020,Female,Youth (15-24),23.4
Slovakia,SVK,SK,True,2020,Male,Youth (15-24),18.5
Slovakia,SVK,SK,True,2020,Total,Youth (15-24),20.4
Slovakia,SVK,SK,True,2020,Female,Overall (15-74),7.1
Slovakia,SVK,SK,True,2020,Male,Overall (15-74),6.2
Slovakia,SVK,SK,True,2020,Total,Overall (15-74),6.7
Slovakia,SVK,SK,True,2021,Female,Youth (15-24),22.0
Slovakia,SVK,SK,True,2021,Male,Youth (15-24),19.8
Slovakia,SVK,SK,True,2021,Total,Youth (15-24),20.6
Slovakia,SVK,SK,True,2021,Female,Overall (15-74),7.0
Slovakia,SVK,SK,True,2021,Male,Overall (15-74),6.7
Slovakia,SVK,SK,True,2021,Total,Overall (15-74),6.8
Slovakia,SVK,SK,True,2022,Female,Youth (15-24),21.7
Slovakia,SVK,SK,True,2022,Male,Youth (15-24),18.8
Slovakia,SVK,SK,True,2022,Total,Youth (15-24),19.9
Slovakia,SVK,SK,True,2022,Female,Overall (15-74),6.4
Slovakia,SVK,SK,True,2022,Male,Overall (15-74),5.9
Slovakia,SVK,SK,True,2022,Total,Overall (15-74),6.1
Slovakia,SVK,SK,True,2023,Female,Youth (15-24),16.0
Slovakia,SVK,SK,True,2023,Male,Youth (15-24),22.1
Slovakia,SVK,SK,True,2023,Total,Youth (15-24),19.8
Slovakia,SVK,SK,True,2023,Female,Overall (15-74),5.9
Slovakia,SVK,SK,True,2023,Male,Overall (15-74),5.8
Slovakia,SVK,SK,True,2023,Total,Overall (15-74),5.8
Slovakia,SVK,SK,True,2024,Female,Youth (15-24),18.9
Slovakia,SVK,SK,True,2024,Male,Youth (15-24),19.3
Slovakia,SVK,SK,True,2024,Total,Youth (15-24),19.2
Slovakia,SVK,SK,True,2024,Female,Overall (15-74),5.9
Slovakia,SVK,SK,True,2024,Male,Overall (15-74),4.8
Slovakia,SVK,SK,True,2024,Total,Overall (15-74),5.3
Slovakia,SVK,SK,True,2025,Female,Youth (15-24),14.4
Slovakia,SVK,SK,True,2025,Male,Youth (15-24),15.9
Slovakia,SVK,SK,True,2025,Total,Youth (15-24),15.3
Slovakia,SVK,SK,True,2025,Female,Overall (15-74),5.8
Slovakia,SVK,SK,True,2025,Male,Overall (15-74),5.1
Slovakia,SVK,SK,True,2025,Total,Overall (15-74),5.4
Slovenia,SVN,SI,True,2009,Female,Youth (15-24),13.5
Slovenia,SVN,SI,True,2009,Male,Youth (15-24),14.0
Slovenia,SVN,SI,True,2009,Total,Youth (15-24),13.8
Slovenia,SVN,SI,True,2009,Female,Overall (15-74),5.8
Slovenia,SVN,SI,True,2009,Male,Overall (15-74),5.9
Slovenia,SVN,SI,True,2009,Total,Overall (15-74),5.9
Slovenia,SVN,SI,True,2010,Female,Youth (15-24),13.8
Slovenia,SVN,SI,True,2010,Male,Youth (15-24),15.4
Slovenia,SVN,SI,True,2010,Total,Youth (15-24),14.7
Slovenia,SVN,SI,True,2010,Female,Overall (15-74),7.0
Slovenia,SVN,SI,True,2010,Male,Overall (15-74),7.4
Slovenia,SVN,SI,True,2010,Total,Overall (15-74),7.3
Slovenia,SVN,SI,True,2011,Female,Youth (15-24),17.0
Slovenia,SVN,SI,True,2011,Male,Youth (15-24),15.1
Slovenia,SVN,SI,True,2011,Total,Youth (15-24),15.9
Slovenia,SVN,SI,True,2011,Female,Overall (15-74),8.2
Slovenia,SVN,SI,True,2011,Male,Overall (15-74),8.2
Slovenia,SVN,SI,True,2011,Total,Overall (15-74),8.2
Slovenia,SVN,SI,True,2012,Female,Youth (15-24),21.4
Slovenia,SVN,SI,True,2012,Male,Youth (15-24),20.4
Slovenia,SVN,SI,True,2012,Total,Youth (15-24),20.8
Slovenia,SVN,SI,True,2012,Female,Overall (15-74),9.4
Slovenia,SVN,SI,True,2012,Male,Overall (15-74),8.4
Slovenia,SVN,SI,True,2012,Total,Overall (15-74),8.9
Slovenia,SVN,SI,True,2013,Female,Youth (15-24),23.7
Slovenia,SVN,SI,True,2013,Male,Youth (15-24),20.1
Slovenia,SVN,SI,True,2013,Total,Youth (15-24),21.6
Slovenia,SVN,SI,True,2013,Female,Overall (15-74),10.9
Slovenia,SVN,SI,True,2013,Male,Overall (15-74),9.5
Slovenia,SVN,SI,True,2013,Total,Overall (15-74),10.1
Slovenia,SVN,SI,True,2014,Female,Youth (15-24),21.6
Slovenia,SVN,SI,True,2014,Male,Youth (15-24),19.6
Slovenia,SVN,SI,True,2014,Total,Youth (15-24),20.5
Slovenia,SVN,SI,True,2014,Female,Overall (15-74),10.6
Slovenia,SVN,SI,True,2014,Male,Overall (15-74),9.0
Slovenia,SVN,SI,True,2014,Total,Overall (15-74),9.7
Slovenia,SVN,SI,True,2015,Female,Youth (15-24),14.8
Slovenia,SVN,SI,True,2015,Male,Youth (15-24),17.7
Slovenia,SVN,SI,True,2015,Total,Youth (15-24),16.4
Slovenia,SVN,SI,True,2015,Female,Overall (15-74),10.1
Slovenia,SVN,SI,True,2015,Male,Overall (15-74),8.1
Slovenia,SVN,SI,True,2015,Total,Overall (15-74),9.0
Slovenia,SVN,SI,True,2016,Female,Youth (15-24),14.7
Slovenia,SVN,SI,True,2016,Male,Youth (15-24),15.8
Slovenia,SVN,SI,True,2016,Total,Youth (15-24),15.3
Slovenia,SVN,SI,True,2016,Female,Overall (15-74),8.6
Slovenia,SVN,SI,True,2016,Male,Overall (15-74),7.5
Slovenia,SVN,SI,True,2016,Total,Overall (15-74),8.0
Slovenia,SVN,SI,True,2017,Female,Youth (15-24),13.1
Slovenia,SVN,SI,True,2017,Male,Youth (15-24),10.0
Slovenia,SVN,SI,True,2017,Total,Youth (15-24),11.3
Slovenia,SVN,SI,True,2017,Female,Overall (15-74),7.5
Slovenia,SVN,SI,True,2017,Male,Overall (15-74),5.8
Slovenia,SVN,SI,True,2017,Total,Overall (15-74),6.6
Slovenia,SVN,SI,True,2018,Female,Youth (15-24),9.6
Slovenia,SVN,SI,True,2018,Male,Youth (15-24),8.3
Slovenia,SVN,SI,True,2018,Total,Youth (15-24),8.9
Slovenia,SVN,SI,True,2018,Female,Overall (15-74),5.7
Slovenia,SVN,SI,True,2018,Male,Overall (15-74),4.6
Slovenia,SVN,SI,True,2018,Total,Overall (15-74),5.1
Slovenia,SVN,SI,True,2019,Female,Youth (15-24),9.2
Slovenia,SVN,SI,True,2019,Male,Youth (15-24),7.4
Slovenia,SVN,SI,True,2019,Total,Youth (15-24),8.1
Slovenia,SVN,SI,True,2019,Female,Overall (15-74),5.0
Slovenia,SVN,SI,True,2019,Male,Overall (15-74),4.0
Slovenia,SVN,SI,True,2019,Total,Overall (15-74),4.4
Slovenia,SVN,SI,True,2020,Female,Youth (15-24),16.1
Slovenia,SVN,SI,True,2020,Male,Youth (15-24),13.0
Slovenia,SVN,SI,True,2020,Total,Youth (15-24),14.3
Slovenia,SVN,SI,True,2020,Female,Overall (15-74),5.7
Slovenia,SVN,SI,True,2020,Male,Overall (15-74),4.4
Slovenia,SVN,SI,True,2020,Total,Overall (15-74),5.0
Slovenia,SVN,SI,True,2021,Female,Youth (15-24),14.4
Slovenia,SVN,SI,True,2021,Male,Youth (15-24),11.5
Slovenia,SVN,SI,True,2021,Total,Youth (15-24),12.8
Slovenia,SVN,SI,True,2021,Female,Overall (15-74),5.3
Slovenia,SVN,SI,True,2021,Male,Overall (15-74),4.3
Slovenia,SVN,SI,True,2021,Total,Overall (15-74),4.8
Slovenia,SVN,SI,True,2022,Female,Youth (15-24),12.0
Slovenia,SVN,SI,True,2022,Male,Youth (15-24),8.6
Slovenia,SVN,SI,True,2022,Total,Youth (15-24),10.1
Slovenia,SVN,SI,True,2022,Female,Overall (15-74),4.3
Slovenia,SVN,SI,True,2022,Male,Overall (15-74),3.8
Slovenia,SVN,SI,True,2022,Total,Overall (15-74),4.0
Slovenia,SVN,SI,True,2023,Female,Youth (15-24),8.7
Slovenia,SVN,SI,True,2023,Male,Youth (15-24),10.6
Slovenia,SVN,SI,True,2023,Total,Youth (15-24),9.9
Slovenia,SVN,SI,True,2023,Female,Overall (15-74),3.7
Slovenia,SVN,SI,True,2023,Male,Overall (15-74),3.6
Slovenia,SVN,SI,True,2023,Total,Overall (15-74),3.7
Slovenia,SVN,SI,True,2024,Female,Youth (15-24),10.9
Slovenia,SVN,SI,True,2024,Male,Youth (15-24),11.0
Slovenia,SVN,SI,True,2024,Total,Youth (15-24),10.9
Slovenia,SVN,SI,True,2024,Female,Overall (15-74),4.0
Slovenia,SVN,SI,True,2024,Male,Overall (15-74),3.5
Slovenia,SVN,SI,True,2024,Total,Overall (15-74),3.7
Slovenia,SVN,SI,True,2025,Female,Youth (15-24),14.4
Slovenia,SVN,SI,True,2025,Male,Youth (15-24),10.5
Slovenia,SVN,SI,True,2025,Total,Youth (15-24),12.1
Slovenia,SVN,SI,True,2025,Female,Overall (15-74),4.3
Slovenia,SVN,SI,True,2025,Male,Overall (15-74),3.6
Slovenia,SVN,SI,True,2025,Total,Overall (15-74),3.9
Spain,ESP,ES,True,2009,Female,Youth (15-24),36.1
Spain,ESP,ES,True,2009,Male,Youth (15-24),39.1
Spain,ESP,ES,True,2009,Total,Youth (15-24),37.7
Spain,ESP,ES,True,2009,Female,Overall (15-74),18.1
Spain,ESP,ES,True,2009,Male,Overall (15-74),17.7
Spain,ESP,ES,True,2009,Total,Overall (15-74),17.9
Spain,ESP,ES,True,2010,Female,Youth (15-24),39.6
Spain,ESP,ES,True,2010,Male,Youth (15-24),43.1
Spain,ESP,ES,True,2010,Total,Youth (15-24),41.5
Spain,ESP,ES,True,2010,Female,Overall (15-74),20.2
Spain,ESP,ES,True,2010,Male,Overall (15-74),19.6
Spain,ESP,ES,True,2010,Total,Overall (15-74),19.9
Spain,ESP,ES,True,2011,Female,Youth (15-24),44.0
Spain,ESP,ES,True,2011,Male,Youth (15-24),48.2
Spain,ESP,ES,True,2011,Total,Youth (15-24),46.2
Spain,ESP,ES,True,2011,Female,Overall (15-74),21.8
Spain,ESP,ES,True,2011,Male,Overall (15-74),21.1
Spain,ESP,ES,True,2011,Total,Overall (15-74),21.4
Spain,ESP,ES,True,2012,Female,Youth (15-24),51.4
Spain,ESP,ES,True,2012,Male,Youth (15-24),54.1
Spain,ESP,ES,True,2012,Total,Youth (15-24),52.9
Spain,ESP,ES,True,2012,Female,Overall (15-74),25.1
Spain,ESP,ES,True,2012,Male,Overall (15-74),24.6
Spain,ESP,ES,True,2012,Total,Overall (15-74),24.8
Spain,ESP,ES,True,2013,Female,Youth (15-24),54.6
Spain,ESP,ES,True,2013,Male,Youth (15-24),56.2
Spain,ESP,ES,True,2013,Total,Youth (15-24),55.5
Spain,ESP,ES,True,2013,Female,Overall (15-74),26.7
Spain,ESP,ES,True,2013,Male,Overall (15-74),25.6
Spain,ESP,ES,True,2013,Total,Overall (15-74),26.1
Spain,ESP,ES,True,2014,Female,Youth (15-24),52.9
Spain,ESP,ES,True,2014,Male,Youth (15-24),53.4
Spain,ESP,ES,True,2014,Total,Youth (15-24),53.2
Spain,ESP,ES,True,2014,Female,Overall (15-74),25.4
Spain,ESP,ES,True,2014,Male,Overall (15-74),23.6
Spain,ESP,ES,True,2014,Total,Overall (15-74),24.5
Spain,ESP,ES,True,2015,Female,Youth (15-24),48.0
Spain,ESP,ES,True,2015,Male,Youth (15-24),48.6
Spain,ESP,ES,True,2015,Total,Youth (15-24),48.3
Spain,ESP,ES,True,2015,Female,Overall (15-74),23.6
Spain,ESP,ES,True,2015,Male,Overall (15-74),20.8
Spain,ESP,ES,True,2015,Total,Overall (15-74),22.1
Spain,ESP,ES,True,2016,Female,Youth (15-24),44.9
Spain,ESP,ES,True,2016,Male,Youth (15-24),44.0
Spain,ESP,ES,True,2016,Total,Youth (15-24),44.4
Spain,ESP,ES,True,2016,Female,Overall (15-74),21.4
Spain,ESP,ES,True,2016,Male,Overall (15-74),18.1
Spain,ESP,ES,True,2016,Total,Overall (15-74),19.6
Spain,ESP,ES,True,2017,Female,Youth (15-24),37.4
Spain,ESP,ES,True,2017,Male,Youth (15-24),39.5
Spain,ESP,ES,True,2017,Total,Youth (15-24),38.6
Spain,ESP,ES,True,2017,Female,Overall (15-74),19.0
Spain,ESP,ES,True,2017,Male,Overall (15-74),15.7
Spain,ESP,ES,True,2017,Total,Overall (15-74),17.2
Spain,ESP,ES,True,2018,Female,Youth (15-24),33.3
Spain,ESP,ES,True,2018,Male,Youth (15-24),35.2
Spain,ESP,ES,True,2018,Total,Youth (15-24),34.3
Spain,ESP,ES,True,2018,Female,Overall (15-74),17.0
Spain,ESP,ES,True,2018,Male,Overall (15-74),13.7
Spain,ESP,ES,True,2018,Total,Overall (15-74),15.3
Spain,ESP,ES,True,2019,Female,Youth (15-24),34.5
Spain,ESP,ES,True,2019,Male,Youth (15-24),30.9
Spain,ESP,ES,True,2019,Total,Youth (15-24),32.5
Spain,ESP,ES,True,2019,Female,Overall (15-74),16.0
Spain,ESP,ES,True,2019,Male,Overall (15-74),12.5
Spain,ESP,ES,True,2019,Total,Overall (15-74),14.1
Spain,ESP,ES,True,2020,Female,Youth (15-24),39.7
Spain,ESP,ES,True,2020,Male,Youth (15-24),37.1
Spain,ESP,ES,True,2020,Total,Youth (15-24),38.3
Spain,ESP,ES,True,2020,Female,Overall (15-74),17.4
Spain,ESP,ES,True,2020,Male,Overall (15-74),13.9
Spain,ESP,ES,True,2020,Total,Overall (15-74),15.5
Spain,ESP,ES,True,2021,Female,Youth (15-24),36.2
Spain,ESP,ES,True,2021,Male,Youth (15-24),34.0
Spain,ESP,ES,True,2021,Total,Youth (15-24),35.0
Spain,ESP,ES,True,2021,Female,Overall (15-74),16.8
Spain,ESP,ES,True,2021,Male,Overall (15-74),13.2
Spain,ESP,ES,True,2021,Total,Overall (15-74),14.9
Spain,ESP,ES,True,2022,Female,Youth (15-24),30.9
Spain,ESP,ES,True,2022,Male,Youth (15-24),28.7
Spain,ESP,ES,True,2022,Total,Youth (15-24),29.7
Spain,ESP,ES,True,2022,Female,Overall (15-74),14.9
Spain,ESP,ES,True,2022,Male,Overall (15-74),11.4
Spain,ESP,ES,True,2022,Total,Overall (15-74),13.0
Spain,ESP,ES,True,2023,Female,Youth (15-24),28.5
Spain,ESP,ES,True,2023,Male,Youth (15-24),28.8
Spain,ESP,ES,True,2023,Total,Youth (15-24),28.7
Spain,ESP,ES,True,2023,Female,Overall (15-74),13.9
Spain,ESP,ES,True,2023,Male,Overall (15-74),10.7
Spain,ESP,ES,True,2023,Total,Overall (15-74),12.2
Spain,ESP,ES,True,2024,Female,Youth (15-24),27.1
Spain,ESP,ES,True,2024,Male,Youth (15-24),26.0
Spain,ESP,ES,True,2024,Total,Youth (15-24),26.5
Spain,ESP,ES,True,2024,Female,Overall (15-74),12.7
Spain,ESP,ES,True,2024,Male,Overall (15-74),10.2
Spain,ESP,ES,True,2024,Total,Overall (15-74),11.4
Spain,ESP,ES,True,2025,Female,Youth (15-24),25.8
Spain,ESP,ES,True,2025,Male,Youth (15-24),24.1
Spain,ESP,ES,True,2025,Total,Youth (15-24),24.9
Spain,ESP,ES,True,2025,Female,Overall (15-74),11.9
Spain,ESP,ES,True,2025,Male,Overall (15-74),9.3
Spain,ESP,ES,True,2025,Total,Overall (15-74),10.5
Sweden,SWE,SE,True,2005,Female,Youth (15-24),22.0
Sweden,SWE,SE,True,2005,Male,Youth (15-24),22.3
Sweden,SWE,SE,True,2005,Total,Youth (15-24),22.2
Sweden,SWE,SE,True,2005,Female,Overall (15-74),7.9
Sweden,SWE,SE,True,2005,Male,Overall (15-74),7.9
Sweden,SWE,SE,True,2005,Total,Overall (15-74),7.9
Sweden,SWE,SE,True,2006,Female,Youth (15-24),21.5
Sweden,SWE,SE,True,2006,Male,Youth (15-24),20.2
Sweden,SWE,SE,True,2006,Total,Youth (15-24),20.9
Sweden,SWE,SE,True,2006,Female,Overall (15-74),7.4
Sweden,SWE,SE,True,2006,Male,Overall (15-74),7.0
Sweden,SWE,SE,True,2006,Total,Overall (15-74),7.2
Sweden,SWE,SE,True,2007,Female,Youth (15-24),19.3
Sweden,SWE,SE,True,2007,Male,Youth (15-24),17.9
Sweden,SWE,SE,True,2007,Total,Youth (15-24),18.6
Sweden,SWE,SE,True,2007,Female,Overall (15-74),6.6
Sweden,SWE,SE,True,2007,Male,Overall (15-74),5.9
Sweden,SWE,SE,True,2007,Total,Overall (15-74),6.3
Sweden,SWE,SE,True,2008,Female,Youth (15-24),20.3
Sweden,SWE,SE,True,2008,Male,Youth (15-24),18.8
Sweden,SWE,SE,True,2008,Total,Youth (15-24),19.6
Sweden,SWE,SE,True,2008,Female,Overall (15-74),6.7
Sweden,SWE,SE,True,2008,Male,Overall (15-74),6.0
Sweden,SWE,SE,True,2008,Total,Overall (15-74),6.3
Sweden,SWE,SE,True,2009,Female,Youth (15-24),23.3
Sweden,SWE,SE,True,2009,Male,Youth (15-24),25.4
Sweden,SWE,SE,True,2009,Total,Youth (15-24),24.4
Sweden,SWE,SE,True,2009,Female,Overall (15-74),8.2
Sweden,SWE,SE,True,2009,Male,Overall (15-74),8.7
Sweden,SWE,SE,True,2009,Total,Overall (15-74),8.5
Sweden,SWE,SE,True,2010,Female,Youth (15-24),23.1
Sweden,SWE,SE,True,2010,Male,Youth (15-24),25.0
Sweden,SWE,SE,True,2010,Total,Youth (15-24),24.1
Sweden,SWE,SE,True,2010,Female,Overall (15-74),8.7
Sweden,SWE,SE,True,2010,Male,Overall (15-74),8.7
Sweden,SWE,SE,True,2010,Total,Overall (15-74),8.7
Sweden,SWE,SE,True,2011,Female,Youth (15-24),21.7
Sweden,SWE,SE,True,2011,Male,Youth (15-24),22.4
Sweden,SWE,SE,True,2011,Total,Youth (15-24),22.1
Sweden,SWE,SE,True,2011,Female,Overall (15-74),7.9
Sweden,SWE,SE,True,2011,Male,Overall (15-74),7.9
Sweden,SWE,SE,True,2011,Total,Overall (15-74),7.9
Sweden,SWE,SE,True,2012,Female,Youth (15-24),21.7
Sweden,SWE,SE,True,2012,Male,Youth (15-24),24.1
Sweden,SWE,SE,True,2012,Total,Youth (15-24),22.9
Sweden,SWE,SE,True,2012,Female,Overall (15-74),7.9
Sweden,SWE,SE,True,2012,Male,Overall (15-74),8.3
Sweden,SWE,SE,True,2012,Total,Overall (15-74),8.1
Sweden,SWE,SE,True,2013,Female,Youth (15-24),21.8
Sweden,SWE,SE,True,2013,Male,Youth (15-24),23.9
Sweden,SWE,SE,True,2013,Total,Youth (15-24),22.8
Sweden,SWE,SE,True,2013,Female,Overall (15-74),8.0
Sweden,SWE,SE,True,2013,Male,Overall (15-74),8.3
Sweden,SWE,SE,True,2013,Total,Overall (15-74),8.1
Sweden,SWE,SE,True,2014,Female,Youth (15-24),20.9
Sweden,SWE,SE,True,2014,Male,Youth (15-24),23.5
Sweden,SWE,SE,True,2014,Total,Youth (15-24),22.2
Sweden,SWE,SE,True,2014,Female,Overall (15-74),7.8
Sweden,SWE,SE,True,2014,Male,Overall (15-74),8.2
Sweden,SWE,SE,True,2014,Total,Overall (15-74),8.0
Sweden,SWE,SE,True,2015,Female,Youth (15-24),19.0
Sweden,SWE,SE,True,2015,Male,Youth (15-24),20.4
Sweden,SWE,SE,True,2015,Total,Youth (15-24),19.7
Sweden,SWE,SE,True,2015,Female,Overall (15-74),7.4
Sweden,SWE,SE,True,2015,Male,Overall (15-74),7.6
Sweden,SWE,SE,True,2015,Total,Overall (15-74),7.5
Sweden,SWE,SE,True,2016,Female,Youth (15-24),16.8
Sweden,SWE,SE,True,2016,Male,Youth (15-24),19.7
Sweden,SWE,SE,True,2016,Total,Youth (15-24),18.2
Sweden,SWE,SE,True,2016,Female,Overall (15-74),6.7
Sweden,SWE,SE,True,2016,Male,Overall (15-74),7.4
Sweden,SWE,SE,True,2016,Total,Overall (15-74),7.1
Sweden,SWE,SE,True,2017,Female,Youth (15-24),16.4
Sweden,SWE,SE,True,2017,Male,Youth (15-24),17.8
Sweden,SWE,SE,True,2017,Total,Youth (15-24),17.1
Sweden,SWE,SE,True,2017,Female,Overall (15-74),6.5
Sweden,SWE,SE,True,2017,Male,Overall (15-74),7.0
Sweden,SWE,SE,True,2017,Total,Overall (15-74),6.8
Sweden,SWE,SE,True,2018,Female,Youth (15-24),15.9
Sweden,SWE,SE,True,2018,Male,Youth (15-24),17.6
Sweden,SWE,SE,True,2018,Total,Youth (15-24),16.8
Sweden,SWE,SE,True,2018,Female,Overall (15-74),6.4
Sweden,SWE,SE,True,2018,Male,Overall (15-74),6.5
Sweden,SWE,SE,True,2018,Total,Overall (15-74),6.5
Sweden,SWE,SE,True,2019,Female,Youth (15-24),19.1
Sweden,SWE,SE,True,2019,Male,Youth (15-24),19.6
Sweden,SWE,SE,True,2019,Total,Youth (15-24),19.3
Sweden,SWE,SE,True,2019,Female,Overall (15-74),7.1
Sweden,SWE,SE,True,2019,Male,Overall (15-74),6.7
Sweden,SWE,SE,True,2019,Total,Overall (15-74),6.9
Sweden,SWE,SE,True,2020,Female,Youth (15-24),22.6
Sweden,SWE,SE,True,2020,Male,Youth (15-24),24.5
Sweden,SWE,SE,True,2020,Total,Youth (15-24),23.6
Sweden,SWE,SE,True,2020,Female,Overall (15-74),8.5
Sweden,SWE,SE,True,2020,Male,Overall (15-74),8.5
Sweden,SWE,SE,True,2020,Total,Overall (15-74),8.5
Sweden,SWE,SE,True,2021,Female,Youth (15-24),24.1
Sweden,SWE,SE,True,2021,Male,Youth (15-24),25.2
Sweden,SWE,SE,True,2021,Total,Youth (15-24),24.7
Sweden,SWE,SE,True,2021,Female,Overall (15-74),9.2
Sweden,SWE,SE,True,2021,Male,Overall (15-74),8.6
Sweden,SWE,SE,True,2021,Total,Overall (15-74),8.9
Sweden,SWE,SE,True,2022,Female,Youth (15-24),23.5
Sweden,SWE,SE,True,2022,Male,Youth (15-24),20.2
Sweden,SWE,SE,True,2022,Total,Youth (15-24),21.7
Sweden,SWE,SE,True,2022,Female,Overall (15-74),7.9
Sweden,SWE,SE,True,2022,Male,Overall (15-74),7.1
Sweden,SWE,SE,True,2022,Total,Overall (15-74),7.5
Sweden,SWE,SE,True,2023,Female,Youth (15-24),21.6
Sweden,SWE,SE,True,2023,Male,Youth (15-24),22.5
Sweden,SWE,SE,True,2023,Total,Youth (15-24),22.1
Sweden,SWE,SE,True,2023,Female,Overall (15-74),7.9
Sweden,SWE,SE,True,2023,Male,Overall (15-74),7.5
Sweden,SWE,SE,True,2023,Total,Overall (15-74),7.7
Sweden,SWE,SE,True,2024,Female,Youth (15-24),23.6
Sweden,SWE,SE,True,2024,Male,Youth (15-24),24.9
Sweden,SWE,SE,True,2024,Total,Youth (15-24),24.3
Sweden,SWE,SE,True,2024,Female,Overall (15-74),8.5
Sweden,SWE,SE,True,2024,Male,Overall (15-74),8.3
Sweden,SWE,SE,True,2024,Total,Overall (15-74),8.4
Sweden,SWE,SE,True,2025,Female,Youth (15-24),23.9
Sweden,SWE,SE,True,2025,Male,Youth (15-24),24.7
Sweden,SWE,SE,True,2025,Total,Youth (15-24),24.3
Sweden,SWE,SE,True,2025,Female,Overall (15-74),8.8
Sweden,SWE,SE,True,2025,Male,Overall (15-74),8.9
Sweden,SWE,SE,True,2025,Total,Overall (15-74),8.8
Switzerland,CHE,CH,False,2010,Female,Youth (15-24),8.7
Switzerland,CHE,CH,False,2010,Male,Youth (15-24),7.8
Switzerland,CHE,CH,False,2010,Total,Youth (15-24),8.2
Switzerland,CHE,CH,False,2010,Female,Overall (15-74),5.2
Switzerland,CHE,CH,False,2010,Male,Overall (15-74),4.5
Switzerland,CHE,CH,False,2010,Total,Overall (15-74),4.8
Switzerland,CHE,CH,False,2011,Female,Youth (15-24),7.9
Switzerland,CHE,CH,False,2011,Male,Youth (15-24),7.5
Switzerland,CHE,CH,False,2011,Total,Youth (15-24),7.7
Switzerland,CHE,CH,False,2011,Female,Overall (15-74),4.8
Switzerland,CHE,CH,False,2011,Male,Overall (15-74),4.1
Switzerland,CHE,CH,False,2011,Total,Overall (15-74),4.4
Switzerland,CHE,CH,False,2012,Female,Youth (15-24),8.0
Switzerland,CHE,CH,False,2012,Male,Youth (15-24),8.6
Switzerland,CHE,CH,False,2012,Total,Youth (15-24),8.3
Switzerland,CHE,CH,False,2012,Female,Overall (15-74),4.7
Switzerland,CHE,CH,False,2012,Male,Overall (15-74),4.3
Switzerland,CHE,CH,False,2012,Total,Overall (15-74),4.5
Switzerland,CHE,CH,False,2013,Female,Youth (15-24),8.8
Switzerland,CHE,CH,False,2013,Male,Youth (15-24),8.7
Switzerland,CHE,CH,False,2013,Total,Youth (15-24),8.7
Switzerland,CHE,CH,False,2013,Female,Overall (15-74),4.9
Switzerland,CHE,CH,False,2013,Male,Overall (15-74),4.6
Switzerland,CHE,CH,False,2013,Total,Overall (15-74),4.8
Switzerland,CHE,CH,False,2014,Female,Youth (15-24),8.6
Switzerland,CHE,CH,False,2014,Male,Youth (15-24),8.6
Switzerland,CHE,CH,False,2014,Total,Youth (15-24),8.6
Switzerland,CHE,CH,False,2014,Female,Overall (15-74),5.0
Switzerland,CHE,CH,False,2014,Male,Overall (15-74),4.7
Switzerland,CHE,CH,False,2014,Total,Overall (15-74),4.9
Switzerland,CHE,CH,False,2015,Female,Youth (15-24),8.4
Switzerland,CHE,CH,False,2015,Male,Youth (15-24),9.2
Switzerland,CHE,CH,False,2015,Total,Youth (15-24),8.8
Switzerland,CHE,CH,False,2015,Female,Overall (15-74),4.9
Switzerland,CHE,CH,False,2015,Male,Overall (15-74),4.7
Switzerland,CHE,CH,False,2015,Total,Overall (15-74),4.8
Switzerland,CHE,CH,False,2016,Female,Youth (15-24),8.4
Switzerland,CHE,CH,False,2016,Male,Youth (15-24),8.8
Switzerland,CHE,CH,False,2016,Total,Youth (15-24),8.6
Switzerland,CHE,CH,False,2016,Female,Overall (15-74),5.0
Switzerland,CHE,CH,False,2016,Male,Overall (15-74),4.9
Switzerland,CHE,CH,False,2016,Total,Overall (15-74),5.0
Switzerland,CHE,CH,False,2017,Female,Youth (15-24),8.0
Switzerland,CHE,CH,False,2017,Male,Youth (15-24),8.1
Switzerland,CHE,CH,False,2017,Total,Youth (15-24),8.1
Switzerland,CHE,CH,False,2017,Female,Overall (15-74),5.1
Switzerland,CHE,CH,False,2017,Male,Overall (15-74),4.6
Switzerland,CHE,CH,False,2017,Total,Overall (15-74),4.8
Switzerland,CHE,CH,False,2018,Female,Youth (15-24),7.5
Switzerland,CHE,CH,False,2018,Male,Youth (15-24),8.4
Switzerland,CHE,CH,False,2018,Total,Youth (15-24),7.9
Switzerland,CHE,CH,False,2018,Female,Overall (15-74),5.1
Switzerland,CHE,CH,False,2018,Male,Overall (15-74),4.4
Switzerland,CHE,CH,False,2018,Total,Overall (15-74),4.7
Switzerland,CHE,CH,False,2019,Female,Youth (15-24),7.2
Switzerland,CHE,CH,False,2019,Male,Youth (15-24),8.8
Switzerland,CHE,CH,False,2019,Total,Youth (15-24),8.0
Switzerland,CHE,CH,False,2019,Female,Overall (15-74),4.7
Switzerland,CHE,CH,False,2019,Male,Overall (15-74),4.1
Switzerland,CHE,CH,False,2019,Total,Overall (15-74),4.4
Switzerland,CHE,CH,False,2020,Female,Youth (15-24),8.0
Switzerland,CHE,CH,False,2020,Male,Youth (15-24),9.2
Switzerland,CHE,CH,False,2020,Total,Youth (15-24),8.6
Switzerland,CHE,CH,False,2020,Female,Overall (15-74),5.0
Switzerland,CHE,CH,False,2020,Male,Overall (15-74),4.7
Switzerland,CHE,CH,False,2020,Total,Overall (15-74),4.8
Switzerland,CHE,CH,False,2021,Female,Youth (15-24),8.3
Switzerland,CHE,CH,False,2021,Male,Youth (15-24),8.4
Switzerland,CHE,CH,False,2021,Total,Youth (15-24),8.3
Switzerland,CHE,CH,False,2021,Female,Overall (15-74),5.3
Switzerland,CHE,CH,False,2021,Male,Overall (15-74),4.9
Switzerland,CHE,CH,False,2021,Total,Overall (15-74),5.1
Switzerland,CHE,CH,False,2022,Female,Youth (15-24),6.8
Switzerland,CHE,CH,False,2022,Male,Youth (15-24),6.9
Switzerland,CHE,CH,False,2022,Total,Youth (15-24),6.8
Switzerland,CHE,CH,False,2022,Female,Overall (15-74),4.4
Switzerland,CHE,CH,False,2022,Male,Overall (15-74),3.9
Switzerland,CHE,CH,False,2022,Total,Overall (15-74),4.1
Switzerland,CHE,CH,False,2023,Female,Youth (15-24),7.6
Switzerland,CHE,CH,False,2023,Male,Youth (15-24),8.1
Switzerland,CHE,CH,False,2023,Total,Youth (15-24),7.9
Switzerland,CHE,CH,False,2023,Female,Overall (15-74),4.3
Switzerland,CHE,CH,False,2023,Male,Overall (15-74),3.9
Switzerland,CHE,CH,False,2023,Total,Overall (15-74),4.1
Switzerland,CHE,CH,False,2024,Female,Youth (15-24),8.5
Switzerland,CHE,CH,False,2024,Male,Youth (15-24),8.0
Switzerland,CHE,CH,False,2024,Total,Youth (15-24),8.2
Switzerland,CHE,CH,False,2024,Female,Overall (15-74),4.6
Switzerland,CHE,CH,False,2024,Male,Overall (15-74),4.2
Switzerland,CHE,CH,False,2024,Total,Overall (15-74),4.4
Switzerland,CHE,CH,False,2025,Female,Youth (15-24),9.2
Switzerland,CHE,CH,False,2025,Male,Youth (15-24),8.3
Switzerland,CHE,CH,False,2025,Total,Youth (15-24),8.8
Switzerland,CHE,CH,False,2025,Female,Overall (15-74),4.9
Switzerland,CHE,CH,False,2025,Male,Overall (15-74),4.9
Switzerland,CHE,CH,False,2025,Total,Overall (15-74),4.9
Turkey,TUR,TR,False,2009,Female,Youth (15-24),22.5
Turkey,TUR,TR,False,2009,Male,Youth (15-24),22.9
Turkey,TUR,TR,False,2009,Total,Youth (15-24),22.8
Turkey,TUR,TR,False,2009,Female,Overall (15-74),12.7
Turkey,TUR,TR,False,2009,Male,Overall (15-74),12.6
Turkey,TUR,TR,False,2009,Total,Overall (15-74),12.6
Turkey,TUR,TR,False,2010,Female,Youth (15-24),20.7
Turkey,TUR,TR,False,2010,Male,Youth (15-24),19.2
Turkey,TUR,TR,False,2010,Total,Youth (15-24),19.7
Turkey,TUR,TR,False,2010,Female,Overall (15-74),11.4
Turkey,TUR,TR,False,2010,Male,Overall (15-74),10.4
Turkey,TUR,TR,False,2010,Total,Overall (15-74),10.7
Turkey,TUR,TR,False,2011,Female,Youth (15-24),19.0
Turkey,TUR,TR,False,2011,Male,Youth (15-24),15.5
Turkey,TUR,TR,False,2011,Total,Youth (15-24),16.7
Turkey,TUR,TR,False,2011,Female,Overall (15-74),10.1
Turkey,TUR,TR,False,2011,Male,Overall (15-74),8.3
Turkey,TUR,TR,False,2011,Total,Overall (15-74),8.8
Turkey,TUR,TR,False,2012,Female,Youth (15-24),17.8
Turkey,TUR,TR,False,2012,Male,Youth (15-24),14.6
Turkey,TUR,TR,False,2012,Total,Youth (15-24),15.7
Turkey,TUR,TR,False,2012,Female,Overall (15-74),9.4
Turkey,TUR,TR,False,2012,Male,Overall (15-74),7.7
Turkey,TUR,TR,False,2012,Total,Overall (15-74),8.2
Turkey,TUR,TR,False,2013,Female,Youth (15-24),19.7
Turkey,TUR,TR,False,2013,Male,Youth (15-24),15.5
Turkey,TUR,TR,False,2013,Total,Youth (15-24),16.9
Turkey,TUR,TR,False,2013,Female,Overall (15-74),10.6
Turkey,TUR,TR,False,2013,Male,Overall (15-74),8.0
Turkey,TUR,TR,False,2013,Total,Overall (15-74),8.8
Turkey,TUR,TR,False,2014,Female,Youth (15-24),20.2
Turkey,TUR,TR,False,2014,Male,Youth (15-24),16.6
Turkey,TUR,TR,False,2014,Total,Youth (15-24),17.8
Turkey,TUR,TR,False,2014,Female,Overall (15-74),11.9
Turkey,TUR,TR,False,2014,Male,Overall (15-74),9.1
Turkey,TUR,TR,False,2014,Total,Overall (15-74),9.9
Turkey,TUR,TR,False,2015,Female,Youth (15-24),22.2
Turkey,TUR,TR,False,2015,Male,Youth (15-24),16.5
Turkey,TUR,TR,False,2015,Total,Youth (15-24),18.5
Turkey,TUR,TR,False,2015,Female,Overall (15-74),12.6
Turkey,TUR,TR,False,2015,Male,Overall (15-74),9.2
Turkey,TUR,TR,False,2015,Total,Overall (15-74),10.3
Turkey,TUR,TR,False,2016,Female,Youth (15-24),23.5
Turkey,TUR,TR,False,2016,Male,Youth (15-24),17.2
Turkey,TUR,TR,False,2016,Total,Youth (15-24),19.5
Turkey,TUR,TR,False,2016,Female,Overall (15-74),13.7
Turkey,TUR,TR,False,2016,Male,Overall (15-74),9.6
Turkey,TUR,TR,False,2016,Total,Overall (15-74),10.9
Turkey,TUR,TR,False,2017,Female,Youth (15-24),25.6
Turkey,TUR,TR,False,2017,Male,Youth (15-24),17.7
Turkey,TUR,TR,False,2017,Total,Youth (15-24),20.5
Turkey,TUR,TR,False,2017,Female,Overall (15-74),13.9
Turkey,TUR,TR,False,2017,Male,Overall (15-74),9.4
Turkey,TUR,TR,False,2017,Total,Overall (15-74),10.9
Turkey,TUR,TR,False,2018,Female,Youth (15-24),25.0
Turkey,TUR,TR,False,2018,Male,Youth (15-24),17.5
Turkey,TUR,TR,False,2018,Total,Youth (15-24),20.2
Turkey,TUR,TR,False,2018,Female,Overall (15-74),13.8
Turkey,TUR,TR,False,2018,Male,Overall (15-74),9.6
Turkey,TUR,TR,False,2018,Total,Overall (15-74),10.9
Turkey,TUR,TR,False,2019,Female,Youth (15-24),30.3
Turkey,TUR,TR,False,2019,Male,Youth (15-24),22.4
Turkey,TUR,TR,False,2019,Total,Youth (15-24),25.2
Turkey,TUR,TR,False,2019,Female,Overall (15-74),16.5
Turkey,TUR,TR,False,2019,Male,Overall (15-74),12.4
Turkey,TUR,TR,False,2019,Total,Overall (15-74),13.7
Turkey,TUR,TR,False,2020,Female,Youth (15-24),29.9
Turkey,TUR,TR,False,2020,Male,Youth (15-24),22.5
Turkey,TUR,TR,False,2020,Total,Youth (15-24),25.1
Turkey,TUR,TR,False,2020,Female,Overall (15-74),14.9
Turkey,TUR,TR,False,2020,Male,Overall (15-74),12.4
Turkey,TUR,TR,False,2020,Total,Overall (15-74),13.2
Turkey,TUR,TR,False,2021,Female,Youth (15-24),28.7
Turkey,TUR,TR,False,2021,Male,Youth (15-24),19.5
Turkey,TUR,TR,False,2021,Total,Youth (15-24),22.7
Turkey,TUR,TR,False,2021,Female,Overall (15-74),14.7
Turkey,TUR,TR,False,2021,Male,Overall (15-74),10.7
Turkey,TUR,TR,False,2021,Total,Overall (15-74),12.0
Turkey,TUR,TR,False,2022,Female,Youth (15-24),25.4
Turkey,TUR,TR,False,2022,Male,Youth (15-24),16.3
Turkey,TUR,TR,False,2022,Total,Youth (15-24),19.5
Turkey,TUR,TR,False,2022,Female,Overall (15-74),13.5
Turkey,TUR,TR,False,2022,Male,Overall (15-74),9.0
Turkey,TUR,TR,False,2022,Total,Overall (15-74),10.5
Turkey,TUR,TR,False,2023,Female,Youth (15-24),23.4
Turkey,TUR,TR,False,2023,Male,Youth (15-24),14.3
Turkey,TUR,TR,False,2023,Total,Youth (15-24),17.5
Turkey,TUR,TR,False,2023,Female,Overall (15-74),12.7
Turkey,TUR,TR,False,2023,Male,Overall (15-74),7.7
Turkey,TUR,TR,False,2023,Total,Overall (15-74),9.4
Turkey,TUR,TR,False,2024,Female,Youth (15-24),22.4
Turkey,TUR,TR,False,2024,Male,Youth (15-24),13.1
Turkey,TUR,TR,False,2024,Total,Youth (15-24),16.4
Turkey,TUR,TR,False,2024,Female,Overall (15-74),11.8
Turkey,TUR,TR,False,2024,Male,Overall (15-74),7.1
Turkey,TUR,TR,False,2024,Total,Overall (15-74),8.8
Turkey,TUR,TR,False,2025,Female,Youth (15-24),22.2
Turkey,TUR,TR,False,2025,Male,Youth (15-24),11.7
Turkey,TUR,TR,False,2025,Total,Youth (15-24),15.4
Turkey,TUR,TR,False,2025,Female,Overall (15-74),11.4
Turkey,TUR,TR,False,2025,Male,Overall (15-74),6.9
Turkey,TUR,TR,False,2025,Total,Overall (15-74),8.4
